record_id,site,observation_dates,collection_windows,source_sheet,time_taken_to_cross_s,steps_taken_for_cross,time_for_six_steps_s,people_entered_zone_count,people_exited_zone_count,people_in_zone_count,stopped,direction_code,with_phone,earphones,following_phone_user_or_headway,speed_difference_from_followed_phone_user,gender_recorded_code,walking_alone,backpack,carrying_one_hand,carrying_both_hands,heavy_weight,paper_category_code,speed_mps,speed_uniform_step_length_mps
bay_street_001,"Bay Street, Ultimo, NSW",2018-05-01; 2018-06-13,16:42-16:55; 11:11-11:28; 16:22-16:38,Useful data,3.79,7,3.16,5,0,5,0,0,1,0,0,,1,1,0,1,1,0,3,1.2506596306068603,1.2985974683544304
bay_street_002,"Bay Street, Ultimo, NSW",2018-05-01; 2018-06-13,16:42-16:55; 11:11-11:28; 16:22-16:38,Useful data,3.51,7,3.23,6,0,6,0,1,0,0,0,,0,1,1,0,0,0,1,1.3504273504273505,1.318019814241486
bay_street_003,"Bay Street, Ultimo, NSW",2018-05-01; 2018-06-13,16:42-16:55; 11:11-11:28; 16:22-16:38,Useful data,3.08,6,3.22,7,0,7,0,1,0,0,0,,1,1,1,0,0,0,1,1.538961038961039,1.4283130434782607
bay_street_004,"Bay Street, Ultimo, NSW",2018-05-01; 2018-06-13,16:42-16:55; 11:11-11:28; 16:22-16:38,Useful data,4.4,8,3.35,8,3,5,0,0,0,0,6.9,-0.1733869033341331,0,1,1,0,0,0,1,1.0772727272727272,1.1228668656716418
bay_street_005,"Bay Street, Ultimo, NSW",2018-05-01; 2018-06-13,16:42-16:55; 11:11-11:28; 16:22-16:38,Useful data,3.3,6,3.29,9,3,6,0,0,0,0,9.3,0.18570400575677626,1,1,1,0,0,0,1,1.4363636363636365,1.397923404255319
bay_street_006,"Bay Street, Ultimo, NSW",2018-05-01; 2018-06-13,16:42-16:55; 11:11-11:28; 16:22-16:38,Useful data,3.45,7,3.3,10,5,5,0,0,0,0,0,,0,1,1,1,1,0,1,1.373913043478261,1.2149709090909093
bay_street_007,"Bay Street, Ultimo, NSW",2018-05-01; 2018-06-13,16:42-16:55; 11:11-11:28; 16:22-16:38,Useful data,3.52,7,2.98,11,5,6,0,0,0,0,0,,1,1,1,1,0,1,1,1.3465909090909092,1.4601906040268453
bay_street_008,"Bay Street, Ultimo, NSW",2018-05-01; 2018-06-13,16:42-16:55; 11:11-11:28; 16:22-16:38,Useful data,3.75,8,2.83,12,5,7,0,1,0,0,0,,0,1,0,0,0,0,1,1.264,1.3291886925795056
bay_street_009,"Bay Street, Ultimo, NSW",2018-05-01; 2018-06-13,16:42-16:55; 11:11-11:28; 16:22-16:38,Useful data,3.73,7,3.31,13,5,8,0,0,0,0,0,,0,1,1,1,1,0,1,1.2707774798927614,1.2113003021148039
bay_street_010,"Bay Street, Ultimo, NSW",2018-05-01; 2018-06-13,16:42-16:55; 11:11-11:28; 16:22-16:38,Useful data,3.49,6,3.51,14,6,8,0,0,0,0,0,,1,2,1,1,1,0,1,1.3581661891117478,1.3103042735042736
bay_street_011,"Bay Street, Ultimo, NSW",2018-05-01; 2018-06-13,16:42-16:55; 11:11-11:28; 16:22-16:38,Useful data,3.05,7,2.96,15,7,8,0,0,0,0,0,,0,2,0,0,0,0,1,1.554098360655738,1.4382445945945945
bay_street_012,"Bay Street, Ultimo, NSW",2018-05-01; 2018-06-13,16:42-16:55; 11:11-11:28; 16:22-16:38,Useful data,3.42,6,3.15,17,11,6,0,0,0,0,0,,0,3,0,1,0,0,1,1.3859649122807018,1.3514933333333332
bay_street_013,"Bay Street, Ultimo, NSW",2018-05-01; 2018-06-13,16:42-16:55; 11:11-11:28; 16:22-16:38,Useful data,5.68,11,3.61,18,11,7,0,0,0,0,0,,0,4,0,1,0,0,1,0.8345070422535212,1.0419955678670363
bay_street_014,"Bay Street, Ultimo, NSW",2018-05-01; 2018-06-13,16:42-16:55; 11:11-11:28; 16:22-16:38,Useful data,5.29,11,3.1,19,11,8,0,0,0,0,0,,1,4,0,1,0,0,1,0.8960302457466919,1.3237316129032257
bay_street_015,"Bay Street, Ultimo, NSW",2018-05-01; 2018-06-13,16:42-16:55; 11:11-11:28; 16:22-16:38,Useful data,3.06,6,3.04,20,11,9,0,0,0,0,0,,1,1,1,1,1,0,1,1.5490196078431373,1.5128842105263156
bay_street_016,"Bay Street, Ultimo, NSW",2018-05-01; 2018-06-13,16:42-16:55; 11:11-11:28; 16:22-16:38,Useful data,5.77,10,3.74,21,11,10,0,0,0,0,0,,0,1,0,1,1,0,1,0.8214904679376084,1.072033155080214
bay_street_017,"Bay Street, Ultimo, NSW",2018-05-01; 2018-06-13,16:42-16:55; 11:11-11:28; 16:22-16:38,Useful data,5.68,8,4.13,22,14,8,0,0,1,0,0,,0,1,0,1,0,0,3,0.8345070422535212,0.9108000000000002
bay_street_018,"Bay Street, Ultimo, NSW",2018-05-01; 2018-06-13,16:42-16:55; 11:11-11:28; 16:22-16:38,Useful data,3.67,6,3.07,23,14,9,0,0,0,0,0.19999999999999574,0.4570460912614651,0,1,1,1,1,0,2,1.2915531335149864,1.305994788273616
bay_street_019,"Bay Street, Ultimo, NSW",2018-05-01; 2018-06-13,16:42-16:55; 11:11-11:28; 16:22-16:38,Useful data,3.05,6,2.81,24,19,5,0,0,0,0,0,,1,1,1,0,0,0,1,1.554098360655738,1.5485295373665477
bay_street_020,"Bay Street, Ultimo, NSW",2018-05-01; 2018-06-13,16:42-16:55; 11:11-11:28; 16:22-16:38,Useful data,3.41,7,2.97,25,20,5,0,1,0,0,0,,0,1,1,0,0,0,1,1.3900293255131966,1.349967676767677
bay_street_021,"Bay Street, Ultimo, NSW",2018-05-01; 2018-06-13,16:42-16:55; 11:11-11:28; 16:22-16:38,Useful data,3.48,6,3.38,26,20,6,0,0,0,0,0,,1,1,0,1,0,0,1,1.3620689655172415,1.3607005917159762
bay_street_022,"Bay Street, Ultimo, NSW",2018-05-01; 2018-06-13,16:42-16:55; 11:11-11:28; 16:22-16:38,Useful data,3.5,8,2.63,27,20,7,0,1,0,0,0,,0,1,0,1,0,0,1,1.3542857142857143,1.4302676806083654
bay_street_023,"Bay Street, Ultimo, NSW",2018-05-01; 2018-06-13,16:42-16:55; 11:11-11:28; 16:22-16:38,Useful data,3.61,7,3.02,28,20,8,0,1,0,0,0,,1,1,0,0,0,0,1,1.3130193905817176,1.3587973509933775
bay_street_024,"Bay Street, Ultimo, NSW",2018-05-01; 2018-06-13,16:42-16:55; 11:11-11:28; 16:22-16:38,Useful data,3.42,7,3.04,29,20,9,0,0,0,0,0,,0,1,0,1,0,0,1,1.3859649122807018,1.3188828947368423
bay_street_025,"Bay Street, Ultimo, NSW",2018-05-01; 2018-06-13,16:42-16:55; 11:11-11:28; 16:22-16:38,Useful data,3.68,7,3.17,30,20,10,0,1,0,0,0,,0,1,1,0,0,0,1,1.2880434782608696,1.2647962145110414
bay_street_026,"Bay Street, Ultimo, NSW",2018-05-01; 2018-06-13,16:42-16:55; 11:11-11:28; 16:22-16:38,Useful data,3.92,7,3.13,31,22,9,0,1,0,0,0,,0,1,0,1,0,0,1,1.209183673469388,1.280959744408946
bay_street_027,"Bay Street, Ultimo, NSW",2018-05-01; 2018-06-13,16:42-16:55; 11:11-11:28; 16:22-16:38,Useful data,4.03,7,3.04,32,23,9,0,0,0,0,0,,0,1,1,0,0,0,1,1.1761786600496278,1.2373697368421055
bay_street_028,"Bay Street, Ultimo, NSW",2018-05-01; 2018-06-13,16:42-16:55; 11:11-11:28; 16:22-16:38,Useful data,3.55,7,3.02,33,24,9,0,1,0,0,0,,1,5,1,0,0,0,1,1.335211267605634,1.3587973509933775
bay_street_029,"Bay Street, Ultimo, NSW",2018-05-01; 2018-06-13,16:42-16:55; 11:11-11:28; 16:22-16:38,Useful data,3.48,7,3.02,34,24,10,0,1,0,0,0,,0,5,1,0,0,0,1,1.3620689655172415,1.3276172185430466
bay_street_030,"Bay Street, Ultimo, NSW",2018-05-01; 2018-06-13,16:42-16:55; 11:11-11:28; 16:22-16:38,Useful data,4.19,7,3.31,35,26,9,0,1,0,1,0,,1,1,0,1,0,0,1,1.1312649164677804,1.314612688821752
bay_street_031,"Bay Street, Ultimo, NSW",2018-05-01; 2018-06-13,16:42-16:55; 11:11-11:28; 16:22-16:38,Useful data,4.13,7,3.12,36,27,9,0,1,0,0,0,,1,1,0,0,0,0,1,1.1476997578692494,1.3152461538461537
bay_street_032,"Bay Street, Ultimo, NSW",2018-05-01; 2018-06-13,16:42-16:55; 11:11-11:28; 16:22-16:38,Useful data,3.96,9,2.71,37,27,10,0,1,0,0,0,,0,1,1,0,0,0,1,1.196969696969697,1.3880457564575648
bay_street_033,"Bay Street, Ultimo, NSW",2018-05-01; 2018-06-13,16:42-16:55; 11:11-11:28; 16:22-16:38,Useful data,3.85,7,3.13,38,30,8,0,1,1,0,0,,0,1,0,0,0,0,3,1.2311688311688311,1.2017904153354635
bay_street_034,"Bay Street, Ultimo, NSW",2018-05-01; 2018-06-13,16:42-16:55; 11:11-11:28; 16:22-16:38,Useful data,3.44,7,2.89,39,31,8,0,0,0,0,0,,0,1,1,1,0,0,1,1.377906976744186,1.3873370242214536
bay_street_035,"Bay Street, Ultimo, NSW",2018-05-01; 2018-06-13,16:42-16:55; 11:11-11:28; 16:22-16:38,Useful data,5,10,3.07,40,32,8,0,1,0,0,1.8000000000000043,-0.28316883116883107,0,6,0,1,0,0,2,0.9480000000000001,1.305994788273616
bay_street_036,"Bay Street, Ultimo, NSW",2018-05-01; 2018-06-13,16:42-16:55; 11:11-11:28; 16:22-16:38,Useful data,3.97,8,3.12,41,32,9,0,1,0,0,2.1999999999999957,-0.03721417121920889,0,1,1,0,0,0,2,1.1939546599496222,1.205642307692308
bay_street_037,"Bay Street, Ultimo, NSW",2018-05-01; 2018-06-13,16:42-16:55; 11:11-11:28; 16:22-16:38,Useful data,4.74,8,3.02,42,32,10,0,1,0,0,2.1999999999999957,-0.23116883116883113,1,6,0,0,0,0,2,1.0,1.3587973509933775
bay_street_038,"Bay Street, Ultimo, NSW",2018-05-01; 2018-06-13,16:42-16:55; 11:11-11:28; 16:22-16:38,Useful data,4.96,9,3.3,43,33,10,0,1,0,0,3.1000000000000014,-0.2755236698785085,0,7,0,1,0,0,2,0.9556451612903226,1.1398800000000002
bay_street_039,"Bay Street, Ultimo, NSW",2018-05-01; 2018-06-13,16:42-16:55; 11:11-11:28; 16:22-16:38,Useful data,4.96,9,3.3,44,33,11,0,1,0,0,3.1000000000000014,-0.2755236698785085,0,7,0,1,0,0,2,0.9556451612903226,1.1398800000000002
bay_street_040,"Bay Street, Ultimo, NSW",2018-05-01; 2018-06-13,16:42-16:55; 11:11-11:28; 16:22-16:38,Useful data,3.91,7,3.4,45,33,12,0,1,0,0,3.500000000000007,-0.018892616335071555,1,1,1,0,0,0,2,1.2122762148337596,1.2798141176470585
bay_street_041,"Bay Street, Ultimo, NSW",2018-05-01; 2018-06-13,16:42-16:55; 11:11-11:28; 16:22-16:38,Useful data,4.97,9,2.94,46,35,11,0,1,0,0,6.000000000000007,-0.27744649716480685,0,1,0,1,0,0,1,0.9537223340040243,1.279457142857143
bay_street_042,"Bay Street, Ultimo, NSW",2018-05-01; 2018-06-13,16:42-16:55; 11:11-11:28; 16:22-16:38,Useful data,3.5,8,2.84,47,35,12,0,1,0,0,6.100000000000001,0.12311688311688318,0,8,1,0,0,0,1,1.3542857142857143,1.4117619718309864
bay_street_043,"Bay Street, Ultimo, NSW",2018-05-01; 2018-06-13,16:42-16:55; 11:11-11:28; 16:22-16:38,Useful data,3.52,8,2.89,48,35,13,0,1,0,0,6.100000000000001,0.11542207792207804,0,8,1,1,0,0,1,1.3465909090909092,1.3873370242214536
bay_street_044,"Bay Street, Ultimo, NSW",2018-05-01; 2018-06-13,16:42-16:55; 11:11-11:28; 16:22-16:38,Useful data,4.8,8,3.64,49,38,11,0,1,0,0,7.300000000000004,-0.2436688311688311,0,1,1,0,0,0,1,0.9875,1.0334076923076925
bay_street_045,"Bay Street, Ultimo, NSW",2018-05-01; 2018-06-13,16:42-16:55; 11:11-11:28; 16:22-16:38,Useful data,5.26,9,3.6,50,41,9,0,1,1,0,8.199999999999996,-0.3300281467581847,1,1,1,0,0,0,3,0.9011406844106464,1.208713333333333
bay_street_046,"Bay Street, Ultimo, NSW",2018-05-01; 2018-06-13,16:42-16:55; 11:11-11:28; 16:22-16:38,Useful data,4.77,8,3.52,51,41,10,0,0,1,0,0,,0,1,1,1,0,0,3,0.9937106918238995,1.0686375000000001
bay_street_047,"Bay Street, Ultimo, NSW",2018-05-01; 2018-06-13,16:42-16:55; 11:11-11:28; 16:22-16:38,Useful data,4.12,7,3.54,52,43,9,0,0,0,0,1.2000000000000028,0.15677474506930433,1,1,1,0,0,0,2,1.1504854368932038,1.2291999999999996
bay_street_048,"Bay Street, Ultimo, NSW",2018-05-01; 2018-06-13,16:42-16:55; 11:11-11:28; 16:22-16:38,Useful data,4.8,9,3.32,53,45,8,0,0,0,0,3.700000000000003,-0.006210691823899439,0,9,1,1,0,0,2,0.9875,1.1330132530120485
bay_street_049,"Bay Street, Ultimo, NSW",2018-05-01; 2018-06-13,16:42-16:55; 11:11-11:28; 16:22-16:38,Useful data,4.54,10,3.29,54,46,8,0,0,0,0,4.1000000000000085,0.050342171612223985,0,9,1,1,0,0,2,1.0440528634361235,1.143344680851064
bay_street_050,"Bay Street, Ultimo, NSW",2018-05-01; 2018-06-13,16:42-16:55; 11:11-11:28; 16:22-16:38,Useful data,3.84,8,2.94,55,48,7,0,0,0,0,5.400000000000006,0.24066430817610052,1,1,0,1,0,0,1,1.234375,1.4800571428571425
bay_street_051,"Bay Street, Ultimo, NSW",2018-05-01; 2018-06-13,16:42-16:55; 11:11-11:28; 16:22-16:38,Useful data,4.42,8,3.19,56,48,8,0,0,1,0,5.400000000000006,0.07868749822134935,0,1,1,1,0,0,3,1.0723981900452488,1.179186206896552
bay_street_052,"Bay Street, Ultimo, NSW",2018-05-01; 2018-06-13,16:42-16:55; 11:11-11:28; 16:22-16:38,Useful data,3.7,7,2.98,57,49,8,0,0,0,0,3.200000000000003,0.20868289103583226,1,1,0,1,1,1,2,1.281081081081081,1.3770362416107382
bay_street_053,"Bay Street, Ultimo, NSW",2018-05-01; 2018-06-13,16:42-16:55; 11:11-11:28; 16:22-16:38,Useful data,4.43,9,3,58,51,7,0,1,0,0,0,,0,1,1,1,1,0,1,1.069977426636569,1.2538680000000002
bay_street_054,"Bay Street, Ultimo, NSW",2018-05-01; 2018-06-13,16:42-16:55; 11:11-11:28; 16:22-16:38,Useful data,3.82,6,3.58,59,51,8,0,0,0,0,4,0.16843950628982984,1,1,0,1,0,0,2,1.2408376963350787,1.2846837988826814
bay_street_055,"Bay Street, Ultimo, NSW",2018-05-01; 2018-06-13,16:42-16:55; 11:11-11:28; 16:22-16:38,Useful data,3.93,7,3.28,60,52,8,0,1,0,0,0,,0,1,1,1,0,0,1,1.2061068702290076,1.2223792682926833
bay_street_056,"Bay Street, Ultimo, NSW",2018-05-01; 2018-06-13,16:42-16:55; 11:11-11:28; 16:22-16:38,Useful data,4.26,7,3.64,61,54,7,0,0,0,0,7.8999999999999915,0.04027786629277941,0,10,1,0,0,0,1,1.1126760563380282,1.1014846153846156
bay_street_057,"Bay Street, Ultimo, NSW",2018-05-01; 2018-06-13,16:42-16:55; 11:11-11:28; 16:22-16:38,Useful data,3.79,6,3.69,62,54,8,0,0,0,0,8,0.17826144056161142,1,10,1,0,0,0,1,1.2506596306068603,1.2463869918699186
bay_street_058,"Bay Street, Ultimo, NSW",2018-05-01; 2018-06-13,16:42-16:55; 11:11-11:28; 16:22-16:38,Useful data,3.57,6,3.5,63,56,7,0,0,0,0,9.799999999999997,0.2553329023917261,1,11,1,0,0,0,1,1.327731092436975,1.3140479999999999
bay_street_059,"Bay Street, Ultimo, NSW",2018-05-01; 2018-06-13,16:42-16:55; 11:11-11:28; 16:22-16:38,Useful data,4.15,7,3.31,64,56,8,0,0,0,0,9.899999999999991,0.0697704846535463,1,11,1,0,0,0,1,1.1421686746987951,1.2397486404833837
bay_street_060,"Bay Street, Ultimo, NSW",2018-05-01; 2018-06-13,16:42-16:55; 11:11-11:28; 16:22-16:38,Useful data,3.58,5,3.56,65,57,8,0,0,0,1,0,,0,1,1,1,0,0,1,1.324022346368715,1.195843820224719
bay_street_061,"Bay Street, Ultimo, NSW",2018-05-01; 2018-06-13,16:42-16:55; 11:11-11:28; 16:22-16:38,Useful data,3.19,6,3.19,66,60,6,0,0,0,0,0,,0,1,1,0,0,0,1,1.4858934169278997,1.256866457680251
bay_street_062,"Bay Street, Ultimo, NSW",2018-05-01; 2018-06-13,16:42-16:55; 11:11-11:28; 16:22-16:38,Useful data,5.111,7,3.97,67,62,5,0,0,0,0,0,,1,12,1,0,0,0,1,0.9274114654666407,1.0336443324937028
bay_street_063,"Bay Street, Ultimo, NSW",2018-05-01; 2018-06-13,16:42-16:55; 11:11-11:28; 16:22-16:38,Useful data,4.27,8,3.61,68,62,6,0,0,0,0,0,,0,12,1,0,0,0,1,1.1100702576112413,1.1106382271468147
bay_street_064,"Bay Street, Ultimo, NSW",2018-05-01; 2018-06-13,16:42-16:55; 11:11-11:28; 16:22-16:38,Useful data,4.55,9,3.06,69,62,7,0,0,0,0,0,,0,12,1,0,0,0,1,1.0417582417582418,1.2292823529411767
bay_street_065,"Bay Street, Ultimo, NSW",2018-05-01; 2018-06-13,16:42-16:55; 11:11-11:28; 16:22-16:38,Useful data,4.37,7,3.28,70,62,8,0,0,0,0,0,,0,1,1,1,0,0,1,1.0846681922196797,1.2223792682926833
bay_street_066,"Bay Street, Ultimo, NSW",2018-05-01; 2018-06-13,16:42-16:55; 11:11-11:28; 16:22-16:38,Useful data,3.84,7,3.43,71,66,5,0,0,0,0,0,,0,1,0,1,0,0,1,1.234375,1.168922448979592
bay_street_067,"Bay Street, Ultimo, NSW",2018-05-01; 2018-06-13,16:42-16:55; 11:11-11:28; 16:22-16:38,Useful data,2.96,6,2.98,72,67,5,0,0,0,0,0,,1,1,0,0,0,0,1,1.6013513513513515,1.5433449664429528
bay_street_068,"Bay Street, Ultimo, NSW",2018-05-01; 2018-06-13,16:42-16:55; 11:11-11:28; 16:22-16:38,Useful data,4.31,8,3.31,73,67,6,0,0,0,0,0,,0,1,0,1,0,0,1,1.0997679814385153,1.1364362537764352
bay_street_069,"Bay Street, Ultimo, NSW",2018-05-01; 2018-06-13,16:42-16:55; 11:11-11:28; 16:22-16:38,Useful data,4.21,8,3.06,74,67,7,0,1,0,0,0,,1,1,0,0,0,0,1,1.1258907363420427,1.341035294117647
bay_street_070,"Bay Street, Ultimo, NSW",2018-05-01; 2018-06-13,16:42-16:55; 11:11-11:28; 16:22-16:38,Useful data,3.79,6,3.28,75,69,6,0,0,0,0,0,,0,1,1,0,0,0,1,1.2506596306068603,1.2223792682926833
bay_street_071,"Bay Street, Ultimo, NSW",2018-05-01; 2018-06-13,16:42-16:55; 11:11-11:28; 16:22-16:38,Useful data,3.01,6,3.01,76,70,6,0,0,0,0,0,,1,1,1,1,0,0,1,1.5747508305647842,1.5279627906976745
bay_street_072,"Bay Street, Ultimo, NSW",2018-05-01; 2018-06-13,16:42-16:55; 11:11-11:28; 16:22-16:38,Useful data,2.99,6,2.95,77,72,5,0,0,0,0,0,,1,1,1,0,0,1,1,1.585284280936455,1.4750399999999997
bay_street_073,"Bay Street, Ultimo, NSW",2018-05-01; 2018-06-13,16:42-16:55; 11:11-11:28; 16:22-16:38,Useful data,3.21,7,3.01,78,73,5,0,0,0,0,0,,0,13,1,0,0,0,1,1.4766355140186918,1.414353488372093
bay_street_074,"Bay Street, Ultimo, NSW",2018-05-01; 2018-06-13,16:42-16:55; 11:11-11:28; 16:22-16:38,Useful data,3.4,7,3.25,79,73,6,0,0,0,0,0,,1,13,1,0,0,0,1,1.3941176470588237,1.3388824615384611
bay_street_075,"Bay Street, Ultimo, NSW",2018-05-01; 2018-06-13,16:42-16:55; 11:11-11:28; 16:22-16:38,Useful data,3.44,7,3.26,80,73,7,0,0,0,0,0,,1,13,1,0,0,0,1,1.377906976744186,1.334775460122699
bay_street_076,"Bay Street, Ultimo, NSW",2018-05-01; 2018-06-13,16:42-16:55; 11:11-11:28; 16:22-16:38,Useful data,3.23,7,3.02,81,76,5,0,0,0,0,0,,0,1,1,1,1,0,1,1.4674922600619196,1.3276172185430466
bay_street_077,"Bay Street, Ultimo, NSW",2018-05-01; 2018-06-13,16:42-16:55; 11:11-11:28; 16:22-16:38,Useful data,6.02,10,3.58,82,76,6,0,1,0,0,0,,0,14,1,0,0,0,1,0.7873754152823921,1.050727374301676
bay_street_078,"Bay Street, Ultimo, NSW",2018-05-01; 2018-06-13,16:42-16:55; 11:11-11:28; 16:22-16:38,Useful data,5.95,10,3.57,83,76,7,0,1,0,0,0,,1,14,1,1,0,0,1,0.7966386554621849,1.1494588235294119
bay_street_079,"Bay Street, Ultimo, NSW",2018-05-01; 2018-06-13,16:42-16:55; 11:11-11:28; 16:22-16:38,Useful data,2.9,6,3.01,84,77,7,0,0,1,0,0,,1,1,0,1,0,0,3,1.6344827586206898,1.5279627906976745
bay_street_080,"Bay Street, Ultimo, NSW",2018-05-01; 2018-06-13,16:42-16:55; 11:11-11:28; 16:22-16:38,Useful data,3.47,7,3.29,85,79,6,0,0,0,0,2.299999999999983,-0.26848852230945064,1,15,1,0,0,0,2,1.3659942363112392,1.3226042553191486
bay_street_081,"Bay Street, Ultimo, NSW",2018-05-01; 2018-06-13,16:42-16:55; 11:11-11:28; 16:22-16:38,Useful data,3.52,7,3.26,86,79,7,0,0,0,0,2.5,-0.28789184952978064,0,15,1,0,0,0,2,1.3465909090909092,1.2298785276073623
bay_street_082,"Bay Street, Ultimo, NSW",2018-05-01; 2018-06-13,16:42-16:55; 11:11-11:28; 16:22-16:38,Useful data,3.92,7,3.28,87,79,8,0,0,0,0,2.5999999999999943,-0.4252990851513019,1,15,1,1,0,0,2,1.209183673469388,1.3266365853658535
bay_street_083,"Bay Street, Ultimo, NSW",2018-05-01; 2018-06-13,16:42-16:55; 11:11-11:28; 16:22-16:38,Useful data,3.43,7,3.1,88,80,8,0,0,0,0,3.299999999999983,-0.25255856036996094,1,1,0,1,1,0,2,1.3819241982507289,1.403667096774193
bay_street_084,"Bay Street, Ultimo, NSW",2018-05-01; 2018-06-13,16:42-16:55; 11:11-11:28; 16:22-16:38,Useful data,3.48,7,2.97,89,80,9,0,0,0,0,5.099999999999994,-0.27241379310344827,0,1,1,1,0,0,1,1.3620689655172415,1.349967676767677
bay_street_085,"Bay Street, Ultimo, NSW",2018-05-01; 2018-06-13,16:42-16:55; 11:11-11:28; 16:22-16:38,Useful data,3.07,6,2.98,90,84,6,0,0,0,0,8.099999999999994,-0.0905088172526114,1,1,0,0,0,0,1,1.5439739413680784,1.5433449664429528
bay_street_086,"Bay Street, Ultimo, NSW",2018-05-01; 2018-06-13,16:42-16:55; 11:11-11:28; 16:22-16:38,Useful data,3.68,7,3.41,91,86,5,0,0,0,0,0,,1,1,1,0,0,0,1,1.2880434782608696,1.2760609970674484
bay_street_087,"Bay Street, Ultimo, NSW",2018-05-01; 2018-06-13,16:42-16:55; 11:11-11:28; 16:22-16:38,Useful data,3.9,8,3.1,92,86,6,0,0,0,0,0,,1,1,0,1,1,0,1,1.2153846153846155,1.3237316129032257
bay_street_088,"Bay Street, Ultimo, NSW",2018-05-01; 2018-06-13,16:42-16:55; 11:11-11:28; 16:22-16:38,Useful data,3.46,7,2.73,93,89,4,0,0,0,0,0,,0,16,0,1,0,0,1,1.369942196531792,1.3778769230769232
bay_street_089,"Bay Street, Ultimo, NSW",2018-05-01; 2018-06-13,16:42-16:55; 11:11-11:28; 16:22-16:38,Useful data,3.58,7,2.98,94,89,5,0,0,1,0,0,,0,16,0,1,1,0,3,1.324022346368715,1.3454375838926178
bay_street_090,"Bay Street, Ultimo, NSW",2018-05-01; 2018-06-13,16:42-16:55; 11:11-11:28; 16:22-16:38,Useful data,2.98,6,2.92,95,91,4,0,1,0,0,0,,1,1,0,0,0,0,1,1.5906040268456376,1.490194520547945
bay_street_091,"Bay Street, Ultimo, NSW",2018-05-01; 2018-06-13,16:42-16:55; 11:11-11:28; 16:22-16:38,Useful data,3.04,6,2.81,96,91,5,0,1,0,0,0,,1,1,1,0,0,0,1,1.5592105263157896,1.5485295373665477
bay_street_092,"Bay Street, Ultimo, NSW",2018-05-01; 2018-06-13,16:42-16:55; 11:11-11:28; 16:22-16:38,Useful data,3.91,8,2.99,98,94,4,0,0,0,0,4,-0.1117461315349555,0,17,1,1,1,0,2,1.2122762148337596,1.2580615384615386
bay_street_093,"Bay Street, Ultimo, NSW",2018-05-01; 2018-06-13,16:42-16:55; 11:11-11:28; 16:22-16:38,Useful data,3.31,7,3.09,99,96,3,0,1,0,0,0,,0,1,0,1,0,0,1,1.43202416918429,1.3777359223300971
bay_street_094,"Bay Street, Ultimo, NSW",2018-05-01; 2018-06-13,16:42-16:55; 11:11-11:28; 16:22-16:38,Useful data,3.64,7,3.2,101,99,2,0,0,0,0,0,,1,1,0,1,1,0,1,1.3021978021978022,1.282365
bay_street_095,"Bay Street, Ultimo, NSW",2018-05-01; 2018-06-13,16:42-16:55; 11:11-11:28; 16:22-16:38,Useful data,4.3,8,3.6,102,100,2,0,0,0,0,0,,1,1,1,1,0,0,1,1.102325581395349,1.208713333333333
bay_street_096,"Bay Street, Ultimo, NSW",2018-05-01; 2018-06-13,16:42-16:55; 11:11-11:28; 16:22-16:38,Useful data,3.41,7,2.96,103,101,2,0,1,0,0,5.5,0.1491916291781179,1,1,0,0,0,1,1,1.3900293255131966,1.3863405405405407
bay_street_097,"Bay Street, Ultimo, NSW",2018-05-01; 2018-06-13,16:42-16:55; 11:11-11:28; 16:22-16:38,Useful data,3.04,7,2.67,104,101,3,0,1,0,0,8.799999999999983,0.3183728299807109,0,1,0,1,0,0,1,1.5592105263157896,1.5016494382022476
bay_street_098,"Bay Street, Ultimo, NSW",2018-05-01; 2018-06-13,16:42-16:55; 11:11-11:28; 16:22-16:38,Useful data,4.17,7,3.2,105,103,2,0,1,0,0,9.599999999999994,-0.10414704885306425,0,1,0,1,0,0,1,1.1366906474820144,1.2529387500000002
bay_street_099,"Bay Street, Ultimo, NSW",2018-05-01; 2018-06-13,16:42-16:55; 11:11-11:28; 16:22-16:38,Useful data,3.51,8,2.74,106,103,3,0,0,1,0,0,,0,1,1,1,0,0,3,1.3504273504273505,1.372848175182482
bay_street_100,"Bay Street, Ultimo, NSW",2018-05-01; 2018-06-13,16:42-16:55; 11:11-11:28; 16:22-16:38,Useful data,4.32,7,3.49,107,106,1,0,1,1,0,0,,0,1,1,0,0,0,3,1.097222222222222,1.0778234957020059
bay_street_101,"Bay Street, Ultimo, NSW",2018-05-01; 2018-06-13,16:42-16:55; 11:11-11:28; 16:22-16:38,Useful data,5.12,8,3.41,108,106,2,0,0,0,0,5.100000000000023,-0.4246461004273505,0,18,0,1,1,0,1,0.92578125,1.103109677419355
bay_street_102,"Bay Street, Ultimo, NSW",2018-05-01; 2018-06-13,16:42-16:55; 11:11-11:28; 16:22-16:38,Useful data,4.98,8,3.93,109,106,3,0,0,0,0,5.200000000000017,-0.3986201215116879,0,18,0,1,0,0,1,0.9518072289156626,0.957151145038168
bay_street_103,"Bay Street, Ultimo, NSW",2018-05-01; 2018-06-13,16:42-16:55; 11:11-11:28; 16:22-16:38,Useful data,4.56,7,3.61,110,106,4,0,0,0,0,6.300000000000011,-0.31095366621682397,0,1,0,1,0,1,1,1.0394736842105265,1.1106382271468147
bay_street_104,"Bay Street, Ultimo, NSW",2018-05-01; 2018-06-13,16:42-16:55; 11:11-11:28; 16:22-16:38,Useful data,3.36,6,3.19,111,106,5,0,0,0,0,6.5,0.060286935286935295,0,1,0,1,1,1,1,1.4107142857142858,1.256866457680251
bay_street_105,"Bay Street, Ultimo, NSW",2018-05-01; 2018-06-13,16:42-16:55; 11:11-11:28; 16:22-16:38,Useful data,3.75,7,3.29,112,107,5,0,1,0,0,0,,1,19,1,0,0,0,1,1.264,1.3226042553191486
bay_street_106,"Bay Street, Ultimo, NSW",2018-05-01; 2018-06-13,16:42-16:55; 11:11-11:28; 16:22-16:38,Useful data,3.8,7,3.27,113,107,6,0,1,0,0,0,,0,19,1,0,0,0,1,1.2473684210526317,1.2261174311926608
bay_street_107,"Bay Street, Ultimo, NSW",2018-05-01; 2018-06-13,16:42-16:55; 11:11-11:28; 16:22-16:38,Useful data,4.37,6,3.72,114,110,4,0,0,0,0,0,,1,20,1,1,0,0,1,1.0846681922196797,1.2363354838709677
bay_street_108,"Bay Street, Ultimo, NSW",2018-05-01; 2018-06-13,16:42-16:55; 11:11-11:28; 16:22-16:38,Useful data,4.31,7,3.67,115,110,5,0,0,0,0,0,,1,20,1,0,0,0,1,1.0997679814385153,1.1856588555858307
bay_street_109,"Bay Street, Ultimo, NSW",2018-05-01; 2018-06-13,16:42-16:55; 11:11-11:28; 16:22-16:38,Useful data,3.28,6,3.18,116,113,3,0,0,0,0,0,,1,1,0,0,0,0,1,1.4451219512195124,1.3683547169811316
bay_street_110,"Bay Street, Ultimo, NSW",2018-05-01; 2018-06-13,16:42-16:55; 11:11-11:28; 16:22-16:38,Useful data,3.59,6,3.19,117,116,1,0,0,0,0,0,,1,1,0,0,0,0,1,1.3203342618384402,1.364065203761755
bay_street_111,"Bay Street, Ultimo, NSW",2018-05-01; 2018-06-13,16:42-16:55; 11:11-11:28; 16:22-16:38,Useful data,2.94,6,2.84,118,116,2,0,0,0,0,0,,0,1,1,0,0,0,1,1.6122448979591837,1.4990154929577464
bay_street_112,"Bay Street, Ultimo, NSW",2018-05-01; 2018-06-13,16:42-16:55; 11:11-11:28; 16:22-16:38,Useful data,4.03,7,3.85,119,118,1,0,0,1,0,0,,0,1,0,1,0,0,3,1.1761786600496278,1.0414036363636365
bay_street_113,"Bay Street, Ultimo, NSW",2018-05-01; 2018-06-13,16:42-16:55; 11:11-11:28; 16:22-16:38,Useful data,3.8,7,3.01,121,120,1,0,0,0,0,0,,1,1,0,0,0,0,1,1.2473684210526317,1.3633116279069768
bay_street_114,"Bay Street, Ultimo, NSW",2018-05-01; 2018-06-13,16:42-16:55; 11:11-11:28; 16:22-16:38,Useful data,3.4,7,2.79,122,121,1,0,0,0,0,0,,0,1,0,0,0,0,1,1.3941176470588237,1.437062365591398
bay_street_115,"Bay Street, Ultimo, NSW",2018-05-01; 2018-06-13,16:42-16:55; 11:11-11:28; 16:22-16:38,Useful data,4.18,8,3.65,123,121,2,0,1,0,0,0,,0,21,0,1,0,0,1,1.1339712918660287,1.0984668493150687
bay_street_116,"Bay Street, Ultimo, NSW",2018-05-01; 2018-06-13,16:42-16:55; 11:11-11:28; 16:22-16:38,Useful data,4.41,8,3.28,124,121,3,0,1,0,0,0,,1,21,1,0,0,0,1,1.0748299319727892,1.3266365853658535
bay_street_117,"Bay Street, Ultimo, NSW",2018-05-01; 2018-06-13,16:42-16:55; 11:11-11:28; 16:22-16:38,Useful data,3.55,6,3.19,125,121,4,0,0,0,0,0,,0,1,0,1,0,0,1,1.335211267605634,1.256866457680251
bay_street_118,"Bay Street, Ultimo, NSW",2018-05-01; 2018-06-13,16:42-16:55; 11:11-11:28; 16:22-16:38,Useful data,4.98,8,3.54,126,121,5,0,0,0,0,0,,0,1,1,1,0,0,1,0.9518072289156626,1.0626000000000002
bay_street_119,"Bay Street, Ultimo, NSW",2018-05-01; 2018-06-13,16:42-16:55; 11:11-11:28; 16:22-16:38,Useful data,3.5,7,3.07,127,126,1,0,0,1,0,0,,0,1,1,0,0,0,3,1.3542857142857143,1.305994788273616
bay_street_120,"Bay Street, Ultimo, NSW",2018-05-01; 2018-06-13,16:42-16:55; 11:11-11:28; 16:22-16:38,Useful data,4.38,7,3.48,128,127,1,0,1,0,0,0,,1,22,1,0,0,0,1,1.082191780821918,1.2503931034482756
bay_street_121,"Bay Street, Ultimo, NSW",2018-05-01; 2018-06-13,16:42-16:55; 11:11-11:28; 16:22-16:38,Useful data,4.22,8,3.17,129,127,2,0,1,0,0,0,,1,22,1,0,0,0,1,1.123222748815166,1.372671293375394
bay_street_122,"Bay Street, Ultimo, NSW",2018-05-01; 2018-06-13,16:42-16:55; 11:11-11:28; 16:22-16:38,Useful data,4.2,8,2.83,130,127,3,0,1,0,0,0,,0,22,1,0,0,0,1,1.1285714285714286,1.3291886925795056
bay_street_123,"Bay Street, Ultimo, NSW",2018-05-01; 2018-06-13,16:42-16:55; 11:11-11:28; 16:22-16:38,Useful data,3.54,7,3.05,131,127,4,0,0,0,0,8.199999999999989,-0.015302663438256703,0,1,0,1,0,0,1,1.3389830508474576,1.3145586885245906
bay_street_124,"Bay Street, Ultimo, NSW",2018-05-01; 2018-06-13,16:42-16:55; 11:11-11:28; 16:22-16:38,Useful data,3.67,7,3.16,132,127,5,0,0,0,0,8.900000000000006,-0.06273258077072796,1,1,1,0,0,0,1,1.2915531335149864,1.2985974683544304
bay_street_125,"Bay Street, Ultimo, NSW",2018-05-01; 2018-06-13,16:42-16:55; 11:11-11:28; 16:22-16:38,Useful data,3.46,6,3.33,133,127,6,0,0,0,0,9.400000000000006,0.01565648224607763,1,1,1,0,0,0,1,1.369942196531792,1.3067171171171168
bay_street_126,"Bay Street, Ultimo, NSW",2018-05-01; 2018-06-13,16:42-16:55; 11:11-11:28; 16:22-16:38,Useful data,3.19,6,3.15,134,127,7,0,0,0,0,0,,1,1,0,0,0,0,1,1.4858934169278997,1.3813866666666663
bay_street_127,"Bay Street, Ultimo, NSW",2018-05-01; 2018-06-13,16:42-16:55; 11:11-11:28; 16:22-16:38,Useful data,3.25,6,3.2,135,128,7,0,0,0,0,0,,0,1,0,1,0,0,1,1.4584615384615385,1.2529387500000002
bay_street_128,"Bay Street, Ultimo, NSW",2018-05-01; 2018-06-13,16:42-16:55; 11:11-11:28; 16:22-16:38,Useful data,3.08,6,3.11,136,131,5,0,1,0,0,0,,0,1,1,0,0,0,1,1.538961038961039,1.368875884244373
bay_street_129,"Bay Street, Ultimo, NSW",2018-05-01; 2018-06-13,16:42-16:55; 11:11-11:28; 16:22-16:38,Useful data,3.84,7,3.28,137,132,5,0,0,0,0,0,,0,1,0,1,1,0,1,1.234375,1.2223792682926833
bay_street_130,"Bay Street, Ultimo, NSW",2018-05-01; 2018-06-13,16:42-16:55; 11:11-11:28; 16:22-16:38,Useful data,3.99,7,3.44,138,134,4,0,0,0,0,0,,0,1,1,1,1,0,1,1.1879699248120301,1.1655244186046514
bay_street_131,"Bay Street, Ultimo, NSW",2018-05-01; 2018-06-13,16:42-16:55; 11:11-11:28; 16:22-16:38,Useful data,4.89,6,4.33,139,135,4,0,0,0,0,0,,1,23,0,0,0,0,1,0.9693251533742332,1.0621635103926097
bay_street_132,"Bay Street, Ultimo, NSW",2018-05-01; 2018-06-13,16:42-16:55; 11:11-11:28; 16:22-16:38,Useful data,3.55,6,3.09,140,135,5,0,0,0,0,0,,1,1,1,0,0,0,1,1.335211267605634,1.4082097087378638
bay_street_133,"Bay Street, Ultimo, NSW",2018-05-01; 2018-06-13,16:42-16:55; 11:11-11:28; 16:22-16:38,Useful data,4.86,7,3.84,141,136,5,0,0,0,0,0,,0,23,0,0,0,0,1,0.9753086419753086,1.108646875
bay_street_134,"Bay Street, Ultimo, NSW",2018-05-01; 2018-06-13,16:42-16:55; 11:11-11:28; 16:22-16:38,Useful data,3.12,6,3.14,142,140,2,0,0,0,0,0,,1,1,1,0,0,0,1,1.5192307692307692,1.3857859872611462
bay_street_135,"Bay Street, Ultimo, NSW",2018-05-01; 2018-06-13,16:42-16:55; 11:11-11:28; 16:22-16:38,Useful data,4.11,7,3.41,143,142,1,0,1,0,0,0,,0,1,1,1,0,0,1,1.1532846715328466,1.1757782991202348
bay_street_136,"Bay Street, Ultimo, NSW",2018-05-01; 2018-06-13,16:42-16:55; 11:11-11:28; 16:22-16:38,Useful data,3.58,7,3.44,144,142,2,0,0,0,0,0,,1,1,1,0,0,0,1,1.324022346368715,1.3369674418604651
bay_street_137,"Bay Street, Ultimo, NSW",2018-05-01; 2018-06-13,16:42-16:55; 11:11-11:28; 16:22-16:38,Useful data,1.65,5,1.19,145,142,3,0,1,0,0,0,,0,1,1,0,0,0,1,2.872727272727273,3.36924705882353
bay_street_138,"Bay Street, Ultimo, NSW",2018-05-01; 2018-06-13,16:42-16:55; 11:11-11:28; 16:22-16:38,Useful data,3.04,5,3.24,146,142,4,0,0,0,0,0,,1,1,1,0,0,0,1,1.5592105263157896,1.419496296296296
bay_street_139,"Bay Street, Ultimo, NSW",2018-05-01; 2018-06-13,16:42-16:55; 11:11-11:28; 16:22-16:38,Useful data,3.99,7,3.43,148,147,1,0,0,0,0,0,,0,24,1,1,0,0,1,1.1879699248120301,1.168922448979592
bay_street_140,"Bay Street, Ultimo, NSW",2018-05-01; 2018-06-13,16:42-16:55; 11:11-11:28; 16:22-16:38,Useful data,3.59,6,3.41,149,147,2,0,0,0,0,0,,0,24,1,1,0,0,1,1.3203342618384402,1.1757782991202348
bay_street_141,"Bay Street, Ultimo, NSW",2018-05-01; 2018-06-13,16:42-16:55; 11:11-11:28; 16:22-16:38,Useful data,2.89,6,2.81,150,147,3,0,0,0,0,0,,1,1,0,1,0,0,1,1.6401384083044983,1.5485295373665477
bay_street_142,"Bay Street, Ultimo, NSW",2018-05-01; 2018-06-13,16:42-16:55; 11:11-11:28; 16:22-16:38,Useful data,2.68,6,3.04,151,150,1,0,0,0,1,0,,0,1,1,0,0,0,1,1.7686567164179103,1.4003960526315788
bay_street_143,"Bay Street, Ultimo, NSW",2018-05-01; 2018-06-13,16:42-16:55; 11:11-11:28; 16:22-16:38,Useful data,4.61,8,3.44,152,150,2,0,1,0,0,0,,1,25,1,0,0,0,1,1.0281995661605206,1.2649325581395345
bay_street_144,"Bay Street, Ultimo, NSW",2018-05-01; 2018-06-13,16:42-16:55; 11:11-11:28; 16:22-16:38,Useful data,4.32,7,3.42,154,153,1,0,0,0,0,0,,0,1,1,1,0,0,1,1.097222222222222,1.099884210526316
bay_street_145,"Bay Street, Ultimo, NSW",2018-05-01; 2018-06-13,16:42-16:55; 11:11-11:28; 16:22-16:38,Useful data,3.19,6,3.32,155,153,2,0,0,0,0,0,,1,1,0,1,0,0,1,1.4858934169278997,1.3852915662650602
bay_street_146,"Bay Street, Ultimo, NSW",2018-05-01; 2018-06-13,16:42-16:55; 11:11-11:28; 16:22-16:38,Useful data,3.53,7,3.1,156,154,2,0,0,0,0,0,,0,26,1,0,0,0,1,1.3427762039660058,1.3732916129032258
bay_street_147,"Bay Street, Ultimo, NSW",2018-05-01; 2018-06-13,16:42-16:55; 11:11-11:28; 16:22-16:38,Useful data,3.85,7,3.4,157,154,3,0,0,0,0,0,,0,26,1,1,0,0,1,1.2311688311688311,1.2521188235294118
bay_street_148,"Bay Street, Ultimo, NSW",2018-05-01; 2018-06-13,16:42-16:55; 11:11-11:28; 16:22-16:38,Useful data,4.59,7,3.46,158,155,3,0,0,1,0,0,,1,27,0,1,0,0,3,1.0326797385620916,1.2576208092485546
bay_street_149,"Bay Street, Ultimo, NSW",2018-05-01; 2018-06-13,16:42-16:55; 11:11-11:28; 16:22-16:38,Useful data,4.5,8,3.01,159,155,4,0,0,0,0,1,-0.17783549783549768,0,27,1,0,0,0,2,1.0533333333333335,1.3320279069767447
bay_street_150,"Bay Street, Ultimo, NSW",2018-05-01; 2018-06-13,16:42-16:55; 11:11-11:28; 16:22-16:38,Useful data,4.29,7,3.55,160,155,5,0,0,0,0,3.2000000000000455,-0.12627372627372613,0,1,0,1,0,0,2,1.104895104895105,1.129409577464789
bay_street_151,"Bay Street, Ultimo, NSW",2018-05-01; 2018-06-13,16:42-16:55; 11:11-11:28; 16:22-16:38,Useful data,3.88,6,3.16,161,157,4,0,1,0,0,0,,0,1,1,1,0,0,1,1.2216494845360826,1.2687987341772153
bay_street_152,"Bay Street, Ultimo, NSW",2018-05-01; 2018-06-13,16:42-16:55; 11:11-11:28; 16:22-16:38,Useful data,3.15,6,3.16,162,159,3,0,1,0,0,0,,0,1,1,0,0,0,1,1.504761904761905,1.3472164556962023
bay_street_153,"Bay Street, Ultimo, NSW",2018-05-01; 2018-06-13,16:42-16:55; 11:11-11:28; 16:22-16:38,Useful data,3.65,7,3.18,163,159,4,0,1,0,0,0,,1,1,0,0,0,0,1,1.2986301369863014,1.2904301886792453
bay_street_154,"Bay Street, Ultimo, NSW",2018-05-01; 2018-06-13,16:42-16:55; 11:11-11:28; 16:22-16:38,Useful data,3.81,7,3.19,164,159,5,0,0,0,0,7.400000000000034,0.012925657020145254,0,1,1,0,0,0,1,1.2440944881889764,1.256866457680251
bay_street_155,"Bay Street, Ultimo, NSW",2018-05-01; 2018-06-13,16:42-16:55; 11:11-11:28; 16:22-16:38,Useful data,3.72,7,2.98,165,160,5,0,1,0,0,0,,1,1,1,0,0,1,1,1.2741935483870968,1.4601906040268453
bay_street_156,"Bay Street, Ultimo, NSW",2018-05-01; 2018-06-13,16:42-16:55; 11:11-11:28; 16:22-16:38,Useful data,3.28,7,2.88,166,162,4,0,1,0,0,0,,1,1,0,0,0,0,1,1.4451219512195124,1.5108916666666663
bay_street_157,"Bay Street, Ultimo, NSW",2018-05-01; 2018-06-13,16:42-16:55; 11:11-11:28; 16:22-16:38,Useful data,3.58,7,2.99,167,165,2,0,1,0,0,0,,0,28,0,1,0,0,1,1.324022346368715,1.3409377926421406
bay_street_158,"Bay Street, Ultimo, NSW",2018-05-01; 2018-06-13,16:42-16:55; 11:11-11:28; 16:22-16:38,Useful data,3.6,7,3.15,168,166,2,0,1,0,0,0,,1,28,1,0,0,0,1,1.3166666666666667,1.3813866666666663
bay_street_159,"Bay Street, Ultimo, NSW",2018-05-01; 2018-06-13,16:42-16:55; 11:11-11:28; 16:22-16:38,Useful data,3.4,7,4,169,166,3,0,1,0,0,0,,1,28,0,0,0,0,1,1.3941176470588237,1.149792
bay_street_160,"Bay Street, Ultimo, NSW",2018-05-01; 2018-06-13,16:42-16:55; 11:11-11:28; 16:22-16:38,Useful data,3.82,8,2.83,170,166,4,0,1,0,0,0,,0,1,0,0,0,0,1,1.2408376963350787,1.3291886925795056
bay_street_161,"Bay Street, Ultimo, NSW",2018-05-01; 2018-06-13,16:42-16:55; 11:11-11:28; 16:22-16:38,Useful data,3.58,7,3.3,171,166,5,0,0,0,0,0,,0,1,1,0,0,1,1,1.324022346368715,1.2149709090909093
bay_street_162,"Bay Street, Ultimo, NSW",2018-05-01; 2018-06-13,16:42-16:55; 11:11-11:28; 16:22-16:38,Useful data,4.08,7,3.39,172,168,4,0,1,0,0,0,,1,29,1,0,0,0,1,1.161764705882353,1.283589380530973
bay_street_163,"Bay Street, Ultimo, NSW",2018-05-01; 2018-06-13,16:42-16:55; 11:11-11:28; 16:22-16:38,Useful data,3.91,8,2.98,173,168,5,0,1,0,0,0,,0,29,0,1,0,0,1,1.2122762148337596,1.2622832214765103
bay_street_164,"Bay Street, Ultimo, NSW",2018-05-01; 2018-06-13,16:42-16:55; 11:11-11:28; 16:22-16:38,Useful data,4.17,8,3.21,174,169,5,0,1,0,0,0,,0,1,0,1,0,0,1,1.1366906474820144,1.1718392523364487
bay_street_165,"Bay Street, Ultimo, NSW",2018-05-01; 2018-06-13,16:42-16:55; 11:11-11:28; 16:22-16:38,Useful data,4.48,7,3.81,175,169,6,0,1,0,0,0,,1,30,1,0,0,0,1,1.0580357142857142,1.142091338582677
bay_street_166,"Bay Street, Ultimo, NSW",2018-05-01; 2018-06-13,16:42-16:55; 11:11-11:28; 16:22-16:38,Useful data,3.07,6,3.21,176,169,7,0,1,0,0,0,,0,1,1,0,0,0,1,1.5439739413680784,1.249035514018692
bay_street_167,"Bay Street, Ultimo, NSW",2018-05-01; 2018-06-13,16:42-16:55; 11:11-11:28; 16:22-16:38,Useful data,4.12,8,3.04,177,170,7,0,1,0,0,0,,0,30,0,0,0,0,1,1.1504854368932038,1.3188828947368423
bay_street_168,"Bay Street, Ultimo, NSW",2018-05-01; 2018-06-13,16:42-16:55; 11:11-11:28; 16:22-16:38,Useful data,4.41,7,3.27,178,171,7,0,1,0,0,0,,0,30,1,0,0,0,1,1.0748299319727892,1.1503376146788993
bay_street_169,"Bay Street, Ultimo, NSW",2018-05-01; 2018-06-13,16:42-16:55; 11:11-11:28; 16:22-16:38,Useful data,3.87,7,3.48,179,175,4,0,1,0,0,0,,1,1,0,0,0,0,1,1.2248062015503876,1.2503931034482756
bay_street_170,"Bay Street, Ultimo, NSW",2018-05-01; 2018-06-13,16:42-16:55; 11:11-11:28; 16:22-16:38,Useful data,4.56,8,3.36,180,177,3,0,1,1,0,0,,1,1,1,0,0,0,3,1.0394736842105265,1.2950499999999998
bay_street_171,"Bay Street, Ultimo, NSW",2018-05-01; 2018-06-13,16:42-16:55; 11:11-11:28; 16:22-16:38,Useful data,4.39,7,3.25,181,178,3,0,1,1,0,1.8999999999999773,0.040252967270111295,1,31,0,0,0,0,3,1.0797266514806378,1.3388824615384611
bay_street_172,"Bay Street, Ultimo, NSW",2018-05-01; 2018-06-13,16:42-16:55; 11:11-11:28; 16:22-16:38,Useful data,3.96,6,3.94,182,178,4,0,0,0,0,0,,1,1,1,0,0,0,1,1.196969696969697,1.1044081218274109
bay_street_173,"Bay Street, Ultimo, NSW",2018-05-01; 2018-06-13,16:42-16:55; 11:11-11:28; 16:22-16:38,Useful data,4.44,7,3.27,183,178,5,0,1,1,0,0.39999999999997726,-0.012159083913070301,0,31,0,0,0,0,3,1.0675675675675675,1.1503376146788993
bay_street_174,"Bay Street, Ultimo, NSW",2018-05-01; 2018-06-13,16:42-16:55; 11:11-11:28; 16:22-16:38,Useful data,4.33,7,3.27,184,178,6,0,1,0,0,0.10000000000002274,0.027120654141439493,0,31,0,1,0,0,2,1.094688221709007,1.1503376146788993
bay_street_175,"Bay Street, Ultimo, NSW",2018-05-01; 2018-06-13,16:42-16:55; 11:11-11:28; 16:22-16:38,Useful data,4.95,8,3.27,185,180,5,0,1,1,0,3.2000000000000455,-0.10999180999180991,0,32,1,0,0,0,3,0.9575757575757576,1.1503376146788993
bay_street_176,"Bay Street, Ultimo, NSW",2018-05-01; 2018-06-13,16:42-16:55; 11:11-11:28; 16:22-16:38,Useful data,4.95,7,3.39,186,180,6,0,1,1,0,0.19999999999998863,0,0,32,1,0,0,0,3,0.9575757575757576,1.1096176991150444
bay_street_177,"Bay Street, Ultimo, NSW",2018-05-01; 2018-06-13,16:42-16:55; 11:11-11:28; 16:22-16:38,Useful data,5.05,8,3.43,187,184,3,0,1,0,0,1.5,-0.018961896189618965,0,1,1,0,0,0,2,0.9386138613861387,1.0966775510204083
bay_street_178,"Bay Street, Ultimo, NSW",2018-05-01; 2018-06-13,16:42-16:55; 11:11-11:28; 16:22-16:38,Useful data,4.41,7,3.31,188,187,1,0,0,1,0,0,,0,1,1,1,1,0,3,1.0748299319727892,1.2113003021148039
bay_street_179,"Bay Street, Ultimo, NSW",2018-05-01; 2018-06-13,16:42-16:55; 11:11-11:28; 16:22-16:38,Useful data,3.64,7,3.12,189,188,1,0,1,0,0,0,,0,1,0,1,0,0,1,1.3021978021978022,1.2850653846153848
bay_street_180,"Bay Street, Ultimo, NSW",2018-05-01; 2018-06-13,16:42-16:55; 11:11-11:28; 16:22-16:38,Useful data,3.55,7,2.82,190,189,1,0,1,0,0,0,,0,1,0,1,0,0,1,1.335211267605634,1.4217744680851068
bay_street_181,"Bay Street, Ultimo, NSW",2018-05-01; 2018-06-13,16:42-16:55; 11:11-11:28; 16:22-16:38,Useful data,3.39,6,3.1,191,190,1,0,0,0,0,0,,0,1,1,1,0,0,1,1.3982300884955752,1.2933561290322584
bay_street_182,"Bay Street, Ultimo, NSW",2018-05-01; 2018-06-13,16:42-16:55; 11:11-11:28; 16:22-16:38,Useful data,3.67,7,3.1,192,191,1,0,0,0,0,0,,0,1,0,0,0,0,1,1.2915531335149864,1.2933561290322584
bay_street_183,"Bay Street, Ultimo, NSW",2018-05-01; 2018-06-13,16:42-16:55; 11:11-11:28; 16:22-16:38,Useful data,3.03,6,3.04,193,191,2,0,0,0,0,0,,1,1,1,1,0,0,1,1.5643564356435646,1.4313710526315786
bay_street_184,"Bay Street, Ultimo, NSW",2018-05-01; 2018-06-13,16:42-16:55; 11:11-11:28; 16:22-16:38,Useful data,4.56,7,3.09,194,191,3,0,0,1,0,0,,0,1,0,0,0,0,3,1.0394736842105265,1.2173475728155343
bay_street_185,"Bay Street, Ultimo, NSW",2018-05-01; 2018-06-13,16:42-16:55; 11:11-11:28; 16:22-16:38,Useful data,3.31,6,3.3,195,191,4,0,1,0,0,0,,1,1,1,0,0,0,1,1.43202416918429,1.3936872727272727
bay_street_186,"Bay Street, Ultimo, NSW",2018-05-01; 2018-06-13,16:42-16:55; 11:11-11:28; 16:22-16:38,Useful data,4.03,7,3.33,196,193,3,0,0,0,0,2.400000000000034,0.13670497583910124,0,1,1,1,1,0,2,1.1761786600496278,1.2040252252252255
bay_street_187,"Bay Street, Ultimo, NSW",2018-05-01; 2018-06-13,16:42-16:55; 11:11-11:28; 16:22-16:38,Useful data,2.88,6,2.79,197,196,1,0,1,0,0,0,,0,1,1,0,0,0,1,1.6458333333333335,1.437062365591398
bay_street_188,"Bay Street, Ultimo, NSW",2018-05-01; 2018-06-13,16:42-16:55; 11:11-11:28; 16:22-16:38,Useful data,3.12,6,3.24,198,196,2,0,1,0,0,0,,0,1,0,1,0,0,1,1.5192307692307692,1.2374703703703704
bay_street_189,"Bay Street, Ultimo, NSW",2018-05-01; 2018-06-13,16:42-16:55; 11:11-11:28; 16:22-16:38,Useful data,3.1,6,3.04,199,198,1,0,0,0,0,0,,0,1,0,1,0,0,1,1.5290322580645161,1.3188828947368423
bay_street_190,"Bay Street, Ultimo, NSW",2018-05-01; 2018-06-13,16:42-16:55; 11:11-11:28; 16:22-16:38,Useful data,3.33,6,2.89,200,198,2,0,1,0,0,0,,1,1,1,0,0,0,1,1.4234234234234235,1.5056636678200688
bay_street_191,"Bay Street, Ultimo, NSW",2018-05-01; 2018-06-13,16:42-16:55; 11:11-11:28; 16:22-16:38,Useful data,3.83,7,3.23,201,198,3,0,0,0,0,0,,0,1,0,0,0,1,1,1.237597911227154,1.2413015479876164
bay_street_192,"Bay Street, Ultimo, NSW",2018-05-01; 2018-06-13,16:42-16:55; 11:11-11:28; 16:22-16:38,Useful data,4.03,7,3.5,202,199,3,0,0,0,0,0,,0,1,0,1,0,0,1,1.1761786600496278,1.1455440000000003
bay_street_193,"Bay Street, Ultimo, NSW",2018-05-01; 2018-06-13,16:42-16:55; 11:11-11:28; 16:22-16:38,Useful data,3.74,7,2.95,203,199,4,0,1,1,0,0,,0,1,1,0,0,0,3,1.267379679144385,1.35912
bay_street_194,"Bay Street, Ultimo, NSW",2018-05-01; 2018-06-13,16:42-16:55; 11:11-11:28; 16:22-16:38,Useful data,4.21,8,3.13,204,203,1,0,1,1,0,0,,1,1,1,0,0,0,3,1.1258907363420427,1.3110440894568691
bay_street_195,"Bay Street, Ultimo, NSW",2018-05-01; 2018-06-13,16:42-16:55; 11:11-11:28; 16:22-16:38,Useful data,3.67,7,3.21,205,203,2,0,0,0,0,0,,1,1,1,1,0,0,1,1.2915531335149864,1.278370093457944
bay_street_196,"Bay Street, Ultimo, NSW",2018-05-01; 2018-06-13,16:42-16:55; 11:11-11:28; 16:22-16:38,Useful data,3.94,7,3.28,206,203,3,0,1,0,0,2.6999999999999886,0.07715494893714525,1,1,0,0,0,0,2,1.203045685279188,1.251087804878049
bay_street_197,"Bay Street, Ultimo, NSW",2018-05-01; 2018-06-13,16:42-16:55; 11:11-11:28; 16:22-16:38,Useful data,3.52,7,3.05,207,203,4,0,0,0,0,0,,0,1,0,1,0,0,1,1.3465909090909092,1.3145586885245906
bay_street_198,"Bay Street, Ultimo, NSW",2018-05-01; 2018-06-13,16:42-16:55; 11:11-11:28; 16:22-16:38,Useful data,3.44,7,3.4,208,203,5,0,0,0,0,0,,0,33,0,1,0,0,1,1.377906976744186,1.1792364705882357
bay_street_199,"Bay Street, Ultimo, NSW",2018-05-01; 2018-06-13,16:42-16:55; 11:11-11:28; 16:22-16:38,Useful data,3.1,6,3.07,209,204,5,0,0,0,0,0,,0,33,0,1,0,0,1,1.5290322580645161,1.305994788273616
bay_street_200,"Bay Street, Ultimo, NSW",2018-05-01; 2018-06-13,16:42-16:55; 11:11-11:28; 16:22-16:38,Useful data,3.46,7,3.01,210,205,5,0,0,1,0,0,,1,1,1,0,0,0,3,1.369942196531792,1.4456372093023253
bay_street_201,"Bay Street, Ultimo, NSW",2018-05-01; 2018-06-13,16:42-16:55; 11:11-11:28; 16:22-16:38,Useful data,4,7,3.13,211,205,6,0,0,0,0,1.5,-0.1849421965317919,0,1,1,1,0,0,2,1.185,1.2017904153354635
bay_street_202,"Bay Street, Ultimo, NSW",2018-05-01; 2018-06-13,16:42-16:55; 11:11-11:28; 16:22-16:38,Useful data,3.39,6,3.16,212,208,4,0,0,0,0,2.599999999999966,0.02828789196378323,0,1,1,1,0,0,2,1.3982300884955752,1.2687987341772153
bay_street_203,"Bay Street, Ultimo, NSW",2018-05-01; 2018-06-13,16:42-16:55; 11:11-11:28; 16:22-16:38,Useful data,3.1,6,3.19,213,210,3,0,1,0,0,0,,1,34,0,0,0,0,1,1.5290322580645161,1.4417454545454544
bay_street_204,"Bay Street, Ultimo, NSW",2018-05-01; 2018-06-13,16:42-16:55; 11:11-11:28; 16:22-16:38,Useful data,3.05,7,2.71,214,211,3,0,1,0,0,0,,0,34,0,0,0,0,1,1.554098360655738,1.4794848708487087
bay_street_205,"Bay Street, Ultimo, NSW",2018-05-01; 2018-06-13,16:42-16:55; 11:11-11:28; 16:22-16:38,Useful data,3.13,6,3.06,215,211,4,0,1,0,0,0,,1,1,1,0,0,0,1,1.514376996805112,1.5029960784313725
bay_street_206,"Bay Street, Ultimo, NSW",2018-05-01; 2018-06-13,16:42-16:55; 11:11-11:28; 16:22-16:38,Useful data,3.64,7,3.19,216,215,1,0,1,1,0,0,,0,1,0,1,0,0,3,1.3021978021978022,1.256866457680251
bay_street_207,"Bay Street, Ultimo, NSW",2018-05-01; 2018-06-13,16:42-16:55; 11:11-11:28; 16:22-16:38,Useful data,3.37,6,2.93,217,215,2,0,1,0,0,1.6999999999999886,0.10433038771317693,0,1,0,0,0,0,2,1.4065281899109792,1.3683972696245736
bay_street_208,"Bay Street, Ultimo, NSW",2018-05-01; 2018-06-13,16:42-16:55; 11:11-11:28; 16:22-16:38,Useful data,3.31,7,2.87,218,217,1,0,1,0,0,5.399999999999977,0.12982636698648786,1,1,0,0,0,0,1,1.43202416918429,1.5161560975609751
bay_street_209,"Bay Street, Ultimo, NSW",2018-05-01; 2018-06-13,16:42-16:55; 11:11-11:28; 16:22-16:38,Useful data,2.89,6,2.76,219,217,2,0,1,1,0,6.600000000000023,0.3379406061066961,1,1,1,0,0,0,3,1.6401384083044983,1.6663652173913044
bay_street_210,"Bay Street, Ultimo, NSW",2018-05-01; 2018-06-13,16:42-16:55; 11:11-11:28; 16:22-16:38,Useful data,4,8,2.89,220,217,3,0,1,0,0,0.8999999999999773,-0.45513840830449825,0,1,0,1,0,0,2,1.185,1.3015930795847752
bay_street_211,"Bay Street, Ultimo, NSW",2018-05-01; 2018-06-13,16:42-16:55; 11:11-11:28; 16:22-16:38,Useful data,2.97,6,2.93,221,217,4,0,1,0,0,1.2999999999999545,-0.044178812344902285,0,1,1,0,0,0,2,1.595959595959596,1.3683972696245736
bay_street_212,"Bay Street, Ultimo, NSW",2018-05-01; 2018-06-13,16:42-16:55; 11:11-11:28; 16:22-16:38,Useful data,4.26,7,3.09,222,218,4,0,1,1,0,2.2999999999999545,-0.5274623519664701,1,1,1,0,0,0,3,1.1126760563380282,1.4884038834951456
bay_street_213,"Bay Street, Ultimo, NSW",2018-05-01; 2018-06-13,16:42-16:55; 11:11-11:28; 16:22-16:38,Useful data,1.93,6,1.89,223,218,5,0,1,0,0,0.20000000000004547,1.34328249288477,0,1,1,0,0,0,2,2.455958549222798,2.1213777777777785
bay_street_214,"Bay Street, Ultimo, NSW",2018-05-01; 2018-06-13,16:42-16:55; 11:11-11:28; 16:22-16:38,Useful data,3.04,6,3.05,224,219,5,0,1,0,0,0.8000000000000114,0.44653446997776136,1,1,1,0,0,0,2,1.5592105263157896,1.426678032786885
bay_street_215,"Bay Street, Ultimo, NSW",2018-05-01; 2018-06-13,16:42-16:55; 11:11-11:28; 16:22-16:38,Useful data,3.31,7,3.07,225,220,5,0,1,0,0,2,0.31934811284626186,0,1,1,0,0,0,2,1.43202416918429,1.2252781758957658
bay_street_216,"Bay Street, Ultimo, NSW",2018-05-01; 2018-06-13,16:42-16:55; 11:11-11:28; 16:22-16:38,Useful data,3.67,7,3.19,226,222,4,0,1,0,0,3.1000000000000227,0.1788770771769581,1,35,1,0,0,0,2,1.2915531335149864,1.2863849529780564
bay_street_217,"Bay Street, Ultimo, NSW",2018-05-01; 2018-06-13,16:42-16:55; 11:11-11:28; 16:22-16:38,Useful data,3.61,7,3.07,227,222,5,0,1,0,0,3.3000000000000114,0.20034333424368933,1,35,0,0,0,0,2,1.3130193905817176,1.4173837133550486
bay_street_218,"Bay Street, Ultimo, NSW",2018-05-01; 2018-06-13,16:42-16:55; 11:11-11:28; 16:22-16:38,Useful data,3.22,6,2.99,228,224,4,0,1,0,0,4.800000000000011,0.35937363310296555,1,1,0,0,0,0,2,1.4720496894409938,1.4553070234113707
bay_street_219,"Bay Street, Ultimo, NSW",2018-05-01; 2018-06-13,16:42-16:55; 11:11-11:28; 16:22-16:38,Useful data,2.71,6,2.75,229,224,5,0,0,0,0,0,,0,1,1,0,0,0,1,1.7490774907749078,1.3678560000000002
bay_street_220,"Bay Street, Ultimo, NSW",2018-05-01; 2018-06-13,16:42-16:55; 11:11-11:28; 16:22-16:38,Useful data,3.85,6,3.82,230,225,5,0,0,0,0,0,,0,36,1,0,0,0,1,1.2311688311688311,1.1144513089005235
bay_street_221,"Bay Street, Ultimo, NSW",2018-05-01; 2018-06-13,16:42-16:55; 11:11-11:28; 16:22-16:38,Useful data,3.93,6,3.61,231,225,6,0,0,0,0,0,,0,36,1,0,0,0,1,1.2061068702290076,1.1106382271468147
bay_street_222,"Bay Street, Ultimo, NSW",2018-05-01; 2018-06-13,16:42-16:55; 11:11-11:28; 16:22-16:38,Useful data,4.02,8,2.89,232,227,5,0,1,1,0,0,,0,1,1,1,0,0,3,1.1791044776119404,1.3873370242214536
bay_street_223,"Bay Street, Ultimo, NSW",2018-05-01; 2018-06-13,16:42-16:55; 11:11-11:28; 16:22-16:38,Useful data,4.24,8,3.27,233,227,6,0,1,0,0,0.6999999999999886,-0.06117994931005355,0,1,1,0,0,1,2,1.1179245283018868,1.2261174311926608
bay_street_224,"Bay Street, Ultimo, NSW",2018-05-01; 2018-06-13,16:42-16:55; 11:11-11:28; 16:22-16:38,Useful data,3.97,9,2.95,234,229,5,0,1,0,0,1.8000000000000114,0.014850182337681872,0,37,1,1,0,0,2,1.1939546599496222,1.27512
bay_street_225,"Bay Street, Ultimo, NSW",2018-05-01; 2018-06-13,16:42-16:55; 11:11-11:28; 16:22-16:38,Useful data,4.13,9,2.89,235,229,6,0,1,0,0,1.8000000000000114,-0.03140471974269099,0,37,0,0,0,0,2,1.1476997578692494,1.3015930795847752
bay_street_226,"Bay Street, Ultimo, NSW",2018-05-01; 2018-06-13,16:42-16:55; 11:11-11:28; 16:22-16:38,Useful data,3.86,7,3.19,236,231,5,0,1,0,0,3.8000000000000114,0.048874796999458736,1,38,0,0,0,0,2,1.227979274611399,1.364065203761755
bay_street_227,"Bay Street, Ultimo, NSW",2018-05-01; 2018-06-13,16:42-16:55; 11:11-11:28; 16:22-16:38,Useful data,3.64,7,3.2,237,231,6,0,1,0,0,3.8999999999999773,0.12309332458586186,1,38,0,0,0,0,2,1.3021978021978022,1.3598024999999996
bay_street_228,"Bay Street, Ultimo, NSW",2018-05-01; 2018-06-13,16:42-16:55; 11:11-11:28; 16:22-16:38,Useful data,5.4,8,3.86,238,232,6,0,0,0,0,0,,1,40,0,1,0,0,1,0.8777777777777778,1.1272974093264247
bay_street_229,"Bay Street, Ultimo, NSW",2018-05-01; 2018-06-13,16:42-16:55; 11:11-11:28; 16:22-16:38,Useful data,2.79,6,3.22,239,232,7,0,1,0,0,4.600000000000023,0.5198202535708554,1,1,1,0,0,0,2,1.6989247311827957,1.3513565217391301
bay_street_230,"Bay Street, Ultimo, NSW",2018-05-01; 2018-06-13,16:42-16:55; 11:11-11:28; 16:22-16:38,Useful data,4.44,7,3.42,240,233,7,0,1,0,0,5.199999999999989,,1,39,0,0,0,0,1,1.0675675675675675,1.3447859649122806
bay_street_231,"Bay Street, Ultimo, NSW",2018-05-01; 2018-06-13,16:42-16:55; 11:11-11:28; 16:22-16:38,Useful data,4.61,7,3.52,241,233,8,0,1,0,0,5.199999999999989,,1,39,0,0,0,0,1,1.0281995661605206,1.2361840909090906
bay_street_232,"Bay Street, Ultimo, NSW",2018-05-01; 2018-06-13,16:42-16:55; 11:11-11:28; 16:22-16:38,Useful data,5.63,8,3.24,242,235,7,0,0,0,0,0,,0,40,0,1,0,0,1,0.8419182948490231,1.2374703703703704
bay_street_233,"Bay Street, Ultimo, NSW",2018-05-01; 2018-06-13,16:42-16:55; 11:11-11:28; 16:22-16:38,Useful data,5.29,8,3.82,243,235,8,0,0,0,0,0,,1,1,1,1,0,0,1,0.8960302457466919,1.2039706806282722
bay_street_234,"Bay Street, Ultimo, NSW",2018-05-01; 2018-06-13,16:42-16:55; 11:11-11:28; 16:22-16:38,Useful data,3.43,6,3.13,244,238,6,0,1,0,0,9.199999999999989,,1,1,1,0,0,1,1,1.3819241982507289,1.3902134185303512
bay_street_235,"Bay Street, Ultimo, NSW",2018-05-01; 2018-06-13,16:42-16:55; 11:11-11:28; 16:22-16:38,Useful data,4.06,7,3.46,245,239,6,0,1,0,0,9.699999999999989,,1,1,1,0,0,0,1,1.1674876847290643,1.2576208092485546
bay_street_236,"Bay Street, Ultimo, NSW",2018-05-01; 2018-06-13,16:42-16:55; 11:11-11:28; 16:22-16:38,Useful data,3.43,7,3.13,246,241,5,0,0,0,0,0,,1,1,0,1,0,0,1,1.3819241982507289,1.3902134185303512
bay_street_237,"Bay Street, Ultimo, NSW",2018-05-01; 2018-06-13,16:42-16:55; 11:11-11:28; 16:22-16:38,Useful data,4.06,8,3.13,247,242,5,0,1,0,0,0,,1,41,1,1,0,0,1,1.1674876847290643,1.3902134185303512
bay_street_238,"Bay Street, Ultimo, NSW",2018-05-01; 2018-06-13,16:42-16:55; 11:11-11:28; 16:22-16:38,Useful data,3.06,7,3.03,249,246,3,0,0,0,0,0,,0,1,1,1,0,1,1,1.5490196078431373,1.3232356435643569
bay_street_239,"Bay Street, Ultimo, NSW",2018-05-01; 2018-06-13,16:42-16:55; 11:11-11:28; 16:22-16:38,Useful data,3,6,3.2,250,249,1,0,0,0,0,0,,1,1,1,1,0,0,1,1.58,1.4372399999999999
bay_street_240,"Bay Street, Ultimo, NSW",2018-05-01; 2018-06-13,16:42-16:55; 11:11-11:28; 16:22-16:38,Useful data,3.25,6,3.57,251,250,1,0,0,0,0,0,,1,1,0,0,0,0,1,1.4584615384615385,1.218870588235294
bay_street_241,"Bay Street, Ultimo, NSW",2018-05-01; 2018-06-13,16:42-16:55; 11:11-11:28; 16:22-16:38,Useful data,3.65,6,3.62,252,251,1,0,0,1,0,0,,1,1,1,0,0,0,3,1.2986301369863014,1.2704883977900552
bay_street_242,"Bay Street, Ultimo, NSW",2018-05-01; 2018-06-13,16:42-16:55; 11:11-11:28; 16:22-16:38,Useful data,3.72,7,3.18,253,252,1,0,0,0,0,0,,0,1,0,1,0,0,1,1.2741935483870968,1.2608188679245285
bay_street_243,"Bay Street, Ultimo, NSW",2018-05-01; 2018-06-13,16:42-16:55; 11:11-11:28; 16:22-16:38,Useful data,3.08,6,3.02,254,253,1,0,0,0,0,0,,0,1,1,0,0,0,1,1.538961038961039,1.3276172185430466
bay_street_244,"Bay Street, Ultimo, NSW",2018-05-01; 2018-06-13,16:42-16:55; 11:11-11:28; 16:22-16:38,Useful data,3.16,7,2.68,255,254,1,0,1,0,0,0,,1,1,1,0,0,0,1,1.5,1.5311820895522388
bay_street_245,"Bay Street, Ultimo, NSW",2018-05-01; 2018-06-13,16:42-16:55; 11:11-11:28; 16:22-16:38,Useful data,3.92,7,3.25,256,255,1,0,1,1,0,0,,1,1,1,0,0,0,3,1.209183673469388,1.3388824615384611
bay_street_246,"Bay Street, Ultimo, NSW",2018-05-01; 2018-06-13,16:42-16:55; 11:11-11:28; 16:22-16:38,Useful data,2.92,6,3.3,257,256,1,0,0,0,0,0,,1,1,1,0,0,0,1,1.6232876712328768,1.3185963636363633
bay_street_247,"Bay Street, Ultimo, NSW",2018-05-01; 2018-06-13,16:42-16:55; 11:11-11:28; 16:22-16:38,Useful data,3.14,7,2.8,258,256,2,0,0,0,0,0,,0,42,1,0,0,0,1,1.5095541401273886,1.4319300000000004
bay_street_248,"Bay Street, Ultimo, NSW",2018-05-01; 2018-06-13,16:42-16:55; 11:11-11:28; 16:22-16:38,Useful data,3.04,7,3.08,259,256,3,0,0,0,0,0,,0,42,1,1,0,0,1,1.5592105263157896,1.3017545454545456
bay_street_249,"Bay Street, Ultimo, NSW",2018-05-01; 2018-06-13,16:42-16:55; 11:11-11:28; 16:22-16:38,Useful data,4.37,7,3.74,260,259,1,0,0,1,0,0,,1,1,1,0,0,0,3,1.0846681922196797,1.1634673796791442
bay_street_250,"Bay Street, Ultimo, NSW",2018-05-01; 2018-06-13,16:42-16:55; 11:11-11:28; 16:22-16:38,Useful data,3.1,6,3.24,261,260,1,0,0,0,0,9.399999999999977,,1,43,0,0,0,0,1,1.5290322580645161,1.3430148148148144
bay_street_251,"Bay Street, Ultimo, NSW",2018-05-01; 2018-06-13,16:42-16:55; 11:11-11:28; 16:22-16:38,Useful data,3.35,7,3.2,262,260,2,0,0,0,0,9.399999999999977,,0,43,0,1,0,0,1,1.4149253731343283,1.2529387500000002
bay_street_252,"Bay Street, Ultimo, NSW",2018-05-01; 2018-06-13,16:42-16:55; 11:11-11:28; 16:22-16:38,Useful data,3.58,7,3.13,263,260,3,0,1,0,0,0,,1,1,1,0,0,0,1,1.324022346368715,1.3902134185303512
bay_street_253,"Bay Street, Ultimo, NSW",2018-05-01; 2018-06-13,16:42-16:55; 11:11-11:28; 16:22-16:38,Useful data,3.28,6,3.29,264,260,4,0,0,0,0,0,,1,44,0,0,0,0,1,1.4451219512195124,1.3226042553191486
bay_street_254,"Bay Street, Ultimo, NSW",2018-05-01; 2018-06-13,16:42-16:55; 11:11-11:28; 16:22-16:38,Useful data,3.4,7,3.38,265,260,5,0,0,0,0,0,,1,44,0,0,0,0,1,1.3941176470588237,1.2873869822485204
bay_street_255,"Bay Street, Ultimo, NSW",2018-05-01; 2018-06-13,16:42-16:55; 11:11-11:28; 16:22-16:38,Useful data,2.92,6,2.92,266,260,6,0,1,0,0,0,,0,1,1,0,0,0,1,1.6232876712328768,1.373083561643836
bay_street_256,"Bay Street, Ultimo, NSW",2018-05-01; 2018-06-13,16:42-16:55; 11:11-11:28; 16:22-16:38,Useful data,3.93,7,3.51,267,266,1,0,0,0,0,0,,0,1,1,1,0,0,1,1.2061068702290076,1.0716820512820515
bay_street_257,"Bay Street, Ultimo, NSW",2018-05-01; 2018-06-13,16:42-16:55; 11:11-11:28; 16:22-16:38,Useful data,3.93,7,3.25,268,266,2,0,1,1,0,0,,1,1,1,0,0,0,3,1.2061068702290076,1.4151286153846152
bay_street_258,"Bay Street, Ultimo, NSW",2018-05-01; 2018-06-13,16:42-16:55; 11:11-11:28; 16:22-16:38,Useful data,2.94,6,2.83,269,268,1,0,1,0,0,4.399999999999977,0.40613802773017604,0,1,0,0,0,0,2,1.6122448979591837,1.416750530035336
bay_street_259,"Bay Street, Ultimo, NSW",2018-05-01; 2018-06-13,16:42-16:55; 11:11-11:28; 16:22-16:38,Useful data,3.96,8,3.04,270,269,1,0,1,1,0,7.800000000000068,,0,1,0,0,0,0,3,1.196969696969697,1.3188828947368423
bay_street_260,"Bay Street, Ultimo, NSW",2018-05-01; 2018-06-13,16:42-16:55; 11:11-11:28; 16:22-16:38,Useful data,3.55,6,3.26,271,269,2,0,1,0,0,0.01,0.138241570635937,0,1,1,1,0,0,2,1.335211267605634,1.2298785276073623
bay_street_261,"Bay Street, Ultimo, NSW",2018-05-01; 2018-06-13,16:42-16:55; 11:11-11:28; 16:22-16:38,Useful data,2.94,7,2.94,272,271,1,0,0,0,0,0,,1,1,0,1,0,0,1,1.6122448979591837,1.4800571428571425
bay_street_262,"Bay Street, Ultimo, NSW",2018-05-01; 2018-06-13,16:42-16:55; 11:11-11:28; 16:22-16:38,Useful data,3.91,7,3.31,273,272,1,0,1,0,1,0,,0,1,1,0,0,0,1,1.2122762148337596,1.1364362537764352
bay_street_263,"Bay Street, Ultimo, NSW",2018-05-01; 2018-06-13,16:42-16:55; 11:11-11:28; 16:22-16:38,Useful data,3.45,6,3.24,274,272,2,0,0,0,0,0,,0,1,1,1,0,0,1,1.373913043478261,1.2374703703703704
bay_street_264,"Bay Street, Ultimo, NSW",2018-05-01; 2018-06-13,16:42-16:55; 11:11-11:28; 16:22-16:38,Useful data,4.49,7,3.47,275,272,3,0,1,1,0,0,,0,1,1,0,0,0,3,1.0556792873051224,1.1554478386167149
bay_street_265,"Bay Street, Ultimo, NSW",2018-05-01; 2018-06-13,16:42-16:55; 11:11-11:28; 16:22-16:38,Useful data,2.7,6,3.06,276,275,1,0,0,0,0,0,,0,1,1,0,0,1,1,1.7555555555555555,1.3102627450980395
bay_street_266,"Bay Street, Ultimo, NSW",2018-05-01; 2018-06-13,16:42-16:55; 11:11-11:28; 16:22-16:38,Useful data,3.71,7,2.87,277,275,2,0,0,0,0,0,,0,1,1,0,0,0,1,1.2776280323450135,1.3106634146341465
bay_street_267,"Bay Street, Ultimo, NSW",2018-05-01; 2018-06-13,16:42-16:55; 11:11-11:28; 16:22-16:38,Useful data,2.59,6,2.56,278,275,3,0,0,0,1,0,,1,1,0,1,0,0,1,1.8301158301158302,1.7965499999999999
bay_street_268,"Bay Street, Ultimo, NSW",2018-05-01; 2018-06-13,16:42-16:55; 11:11-11:28; 16:22-16:38,Useful data,2.77,6,2.78,279,276,3,0,0,0,0,0,,0,1,1,0,0,0,1,1.7111913357400723,1.4422316546762595
bay_street_269,"Bay Street, Ultimo, NSW",2018-05-01; 2018-06-13,16:42-16:55; 11:11-11:28; 16:22-16:38,Useful data,3.61,7,3.25,280,276,4,0,0,1,0,0,,1,1,1,0,0,0,3,1.3130193905817176,1.3388824615384611
bay_street_270,"Bay Street, Ultimo, NSW",2018-05-01; 2018-06-13,16:42-16:55; 11:11-11:28; 16:22-16:38,Useful data,3.25,6,3.18,281,279,2,0,0,0,0,0,,1,45,0,1,0,0,1,1.4584615384615385,1.3683547169811316
bay_street_271,"Bay Street, Ultimo, NSW",2018-05-01; 2018-06-13,16:42-16:55; 11:11-11:28; 16:22-16:38,Useful data,3.19,6,3.25,282,279,3,0,0,0,0,0,,0,45,1,0,0,0,1,1.4858934169278997,1.2336627692307696
bay_street_272,"Bay Street, Ultimo, NSW",2018-05-01; 2018-06-13,16:42-16:55; 11:11-11:28; 16:22-16:38,Useful data,3.74,7,3.16,283,282,1,0,1,0,0,0,,1,1,1,0,0,0,1,1.267379679144385,1.3770151898734173
bay_street_273,"Bay Street, Ultimo, NSW",2018-05-01; 2018-06-13,16:42-16:55; 11:11-11:28; 16:22-16:38,Useful data,3.61,7,3.19,284,282,2,0,1,0,0,0,,0,1,1,0,0,0,1,1.3130193905817176,1.256866457680251
bay_street_274,"Bay Street, Ultimo, NSW",2018-05-01; 2018-06-13,16:42-16:55; 11:11-11:28; 16:22-16:38,Useful data,3.43,6,3.06,285,282,3,0,1,0,0,0,,1,1,1,0,0,0,1,1.3819241982507289,1.4220156862745095
bay_street_275,"Bay Street, Ultimo, NSW",2018-05-01; 2018-06-13,16:42-16:55; 11:11-11:28; 16:22-16:38,Useful data,3.3,6,2.91,2,0,2,0,1,0,0,0,,0,1,1,0,0,0,1,1.4363636363636365,1.4629567010309277
bay_street_276,"Bay Street, Ultimo, NSW",2018-05-01; 2018-06-13,16:42-16:55; 11:11-11:28; 16:22-16:38,Useful data,3.76,7,3.21,3,1,2,0,1,0,0,0,,0,1,0,1,0,0,1,1.2606382978723405,1.249035514018692
bay_street_277,"Bay Street, Ultimo, NSW",2018-05-01; 2018-06-13,16:42-16:55; 11:11-11:28; 16:22-16:38,Useful data,3.4,7,3.33,4,2,2,0,1,1,0,0,,0,1,0,0,1,0,3,1.3941176470588237,1.2040252252252255
bay_street_278,"Bay Street, Ultimo, NSW",2018-05-01; 2018-06-13,16:42-16:55; 11:11-11:28; 16:22-16:38,Useful data,5.49,7,4.68,5,3,2,0,0,0,0,0,,1,46,1,0,0,0,1,0.8633879781420765,0.929779487179487
bay_street_279,"Bay Street, Ultimo, NSW",2018-05-01; 2018-06-13,16:42-16:55; 11:11-11:28; 16:22-16:38,Useful data,5.67,9,3.58,6,3,3,0,0,0,0,0,,0,46,1,0,0,0,1,0.835978835978836,1.1199452513966484
bay_street_280,"Bay Street, Ultimo, NSW",2018-05-01; 2018-06-13,16:42-16:55; 11:11-11:28; 16:22-16:38,Useful data,2.59,5,3.21,7,5,2,0,1,0,0,0,,1,1,1,0,0,0,1,1.8301158301158302,1.43276261682243
bay_street_281,"Bay Street, Ultimo, NSW",2018-05-01; 2018-06-13,16:42-16:55; 11:11-11:28; 16:22-16:38,Useful data,3.36,7,3.01,8,6,2,0,1,0,0,0,,0,1,1,0,0,0,1,1.4107142857142858,1.3320279069767447
bay_street_282,"Bay Street, Ultimo, NSW",2018-05-01; 2018-06-13,16:42-16:55; 11:11-11:28; 16:22-16:38,Useful data,3.57,7,3.22,9,6,3,0,1,0,0,0,,0,1,0,1,0,0,1,1.327731092436975,1.2451565217391307
bay_street_283,"Bay Street, Ultimo, NSW",2018-05-01; 2018-06-13,16:42-16:55; 11:11-11:28; 16:22-16:38,Useful data,2.64,5,3.09,10,8,2,0,0,1,0,0,,1,1,0,0,0,0,3,1.7954545454545454,1.4884038834951456
bay_street_284,"Bay Street, Ultimo, NSW",2018-05-01; 2018-06-13,16:42-16:55; 11:11-11:28; 16:22-16:38,Useful data,4.06,7,3.51,11,9,2,0,1,0,0,0,,1,1,1,0,0,0,1,1.1674876847290643,1.3103042735042736
bay_street_285,"Bay Street, Ultimo, NSW",2018-05-01; 2018-06-13,16:42-16:55; 11:11-11:28; 16:22-16:38,Useful data,5.38,8,3.58,12,9,3,0,1,0,0,0,,0,1,1,0,0,0,1,0.8810408921933086,1.1199452513966484
bay_street_286,"Bay Street, Ultimo, NSW",2018-05-01; 2018-06-13,16:42-16:55; 11:11-11:28; 16:22-16:38,Useful data,3.72,7,3.18,13,11,2,0,0,0,0,0,,0,1,1,0,0,0,1,1.2741935483870968,1.2608188679245285
bay_street_287,"Bay Street, Ultimo, NSW",2018-05-01; 2018-06-13,16:42-16:55; 11:11-11:28; 16:22-16:38,Useful data,3.66,7,3.07,14,11,3,0,0,0,0,0,,1,1,1,1,0,0,1,1.2950819672131149,1.4173837133550486
bay_street_288,"Bay Street, Ultimo, NSW",2018-05-01; 2018-06-13,16:42-16:55; 11:11-11:28; 16:22-16:38,Useful data,3.34,6,3.34,15,13,2,0,0,0,0,0,,1,1,1,0,0,0,1,1.4191616766467068,1.3028047904191615
bay_street_289,"Bay Street, Ultimo, NSW",2018-05-01; 2018-06-13,16:42-16:55; 11:11-11:28; 16:22-16:38,Useful data,3.54,7,3.37,16,13,3,0,0,0,0,0,,1,1,0,1,0,0,1,1.3389830508474576,1.2912071216617207
bay_street_290,"Bay Street, Ultimo, NSW",2018-05-01; 2018-06-13,16:42-16:55; 11:11-11:28; 16:22-16:38,Useful data,3.13,7,3.04,17,15,2,0,0,0,0,0,,0,1,1,0,0,0,1,1.514376996805112,1.3188828947368423
bay_street_291,"Bay Street, Ultimo, NSW",2018-05-01; 2018-06-13,16:42-16:55; 11:11-11:28; 16:22-16:38,Useful data,3.22,6,3.19,18,15,3,0,0,0,0,0,,1,1,0,0,0,0,1,1.4720496894409938,1.364065203761755
bay_street_292,"Bay Street, Ultimo, NSW",2018-05-01; 2018-06-13,16:42-16:55; 11:11-11:28; 16:22-16:38,Useful data,3.78,7,3.21,19,17,2,0,0,0,1,0,,1,1,1,0,0,1,1,1.2539682539682542,1.3555663551401866
bay_street_293,"Bay Street, Ultimo, NSW",2018-05-01; 2018-06-13,16:42-16:55; 11:11-11:28; 16:22-16:38,Useful data,3.45,7,3.01,20,17,3,0,1,0,0,0,,1,1,1,0,0,0,1,1.373913043478261,1.4456372093023253
bay_street_294,"Bay Street, Ultimo, NSW",2018-05-01; 2018-06-13,16:42-16:55; 11:11-11:28; 16:22-16:38,Useful data,2.94,6,2.85,21,17,4,0,1,0,0,0,,1,1,0,0,0,0,1,1.6122448979591837,1.5267957894736839
bay_street_295,"Bay Street, Ultimo, NSW",2018-05-01; 2018-06-13,16:42-16:55; 11:11-11:28; 16:22-16:38,Useful data,5.01,8,3.33,22,20,2,0,1,0,0,0,,0,1,1,0,0,0,1,0.9461077844311379,1.2040252252252255
bay_street_296,"Bay Street, Ultimo, NSW",2018-05-01; 2018-06-13,16:42-16:55; 11:11-11:28; 16:22-16:38,Useful data,2.86,6,3.19,23,20,3,0,1,0,0,0,,1,1,1,0,0,0,1,1.6573426573426575,1.4417454545454544
bay_street_297,"Bay Street, Ultimo, NSW",2018-05-01; 2018-06-13,16:42-16:55; 11:11-11:28; 16:22-16:38,Useful data,3.79,8,3.13,24,20,4,0,1,1,0,0,,1,1,0,0,0,0,3,1.2506596306068603,1.3902134185303512
bay_street_298,"Bay Street, Ultimo, NSW",2018-05-01; 2018-06-13,16:42-16:55; 11:11-11:28; 16:22-16:38,Useful data,3.52,6,3.15,25,20,5,0,0,0,0,0,,0,1,1,0,0,0,1,1.3465909090909092,1.272826666666667
bay_street_299,"Bay Street, Ultimo, NSW",2018-05-01; 2018-06-13,16:42-16:55; 11:11-11:28; 16:22-16:38,Useful data,4.69,9,3.19,26,24,2,0,1,1,0,5.700000000000017,,0,1,1,0,0,0,3,1.0106609808102345,1.256866457680251
bay_street_300,"Bay Street, Ultimo, NSW",2018-05-01; 2018-06-13,16:42-16:55; 11:11-11:28; 16:22-16:38,Useful data,3.84,7,3,27,24,3,0,1,0,0,0.29999999999998295,0.22371401918976552,0,47,1,0,0,0,2,1.234375,1.3364680000000002
bay_street_301,"Bay Street, Ultimo, NSW",2018-05-01; 2018-06-13,16:42-16:55; 11:11-11:28; 16:22-16:38,Useful data,3.88,7,2.83,28,24,4,0,1,0,0,0.4000000000000057,0.2109885037258481,0,47,0,0,0,0,2,1.2216494845360826,1.416750530035336
bay_street_302,"Bay Street, Ultimo, NSW",2018-05-01; 2018-06-13,16:42-16:55; 11:11-11:28; 16:22-16:38,Useful data,3.28,7,3.15,29,27,2,0,1,0,0,7,,0,1,1,0,0,0,1,1.4451219512195124,1.272826666666667
bay_street_303,"Bay Street, Ultimo, NSW",2018-05-01; 2018-06-13,16:42-16:55; 11:11-11:28; 16:22-16:38,Useful data,3.42,7,2.91,30,27,3,0,1,0,0,9.099999999999994,,1,1,1,0,0,0,1,1.3859649122807018,1.4953154639175255
bay_street_304,"Bay Street, Ultimo, NSW",2018-05-01; 2018-06-13,16:42-16:55; 11:11-11:28; 16:22-16:38,Useful data,4.92,9,3.52,31,27,4,0,0,0,0,0,,0,1,0,0,0,0,1,0.9634146341463415,1.1390352272727275
bay_street_305,"Bay Street, Ultimo, NSW",2018-05-01; 2018-06-13,16:42-16:55; 11:11-11:28; 16:22-16:38,Useful data,3.54,7,3.09,32,28,4,0,1,0,0,0,,0,1,1,0,0,0,1,1.3389830508474576,1.297541747572816
bay_street_306,"Bay Street, Ultimo, NSW",2018-05-01; 2018-06-13,16:42-16:55; 11:11-11:28; 16:22-16:38,Useful data,3.72,7,3.19,33,31,2,0,0,0,0,0,,0,1,0,0,0,0,1,1.2741935483870968,1.256866457680251
bay_street_307,"Bay Street, Ultimo, NSW",2018-05-01; 2018-06-13,16:42-16:55; 11:11-11:28; 16:22-16:38,Useful data,4.17,7,4.05,34,32,2,0,0,1,0,0,,1,1,0,0,0,0,3,1.1366906474820144,1.0744118518518517
bay_street_308,"Bay Street, Ultimo, NSW",2018-05-01; 2018-06-13,16:42-16:55; 11:11-11:28; 16:22-16:38,Useful data,3.19,6,2.86,35,32,3,0,1,0,0,0,,0,1,1,0,0,0,1,1.4858934169278997,1.4018895104895108
bay_street_309,"Bay Street, Ultimo, NSW",2018-05-01; 2018-06-13,16:42-16:55; 11:11-11:28; 16:22-16:38,Useful data,3.15,7,3.09,36,34,2,0,0,0,0,0,,0,1,1,0,0,0,1,1.504761904761905,1.297541747572816
bay_street_310,"Bay Street, Ultimo, NSW",2018-05-01; 2018-06-13,16:42-16:55; 11:11-11:28; 16:22-16:38,Useful data,4.08,7,3.61,38,36,2,0,0,0,0,0,,1,1,0,0,0,0,1,1.161764705882353,1.2053650969529084
bay_street_311,"Bay Street, Ultimo, NSW",2018-05-01; 2018-06-13,16:42-16:55; 11:11-11:28; 16:22-16:38,Useful data,3.22,6,3.12,39,37,2,0,1,0,0,0,,1,1,1,0,0,0,1,1.4720496894409938,1.3946692307692303
bay_street_312,"Bay Street, Ultimo, NSW",2018-05-01; 2018-06-13,16:42-16:55; 11:11-11:28; 16:22-16:38,Useful data,3.28,7,2.82,40,37,3,0,1,0,0,0,,1,48,0,0,0,0,1,1.4451219512195124,1.4551659574468085
bay_street_313,"Bay Street, Ultimo, NSW",2018-05-01; 2018-06-13,16:42-16:55; 11:11-11:28; 16:22-16:38,Useful data,3.13,6,3.03,41,37,4,0,1,0,0,0,,1,48,0,0,0,0,1,1.514376996805112,1.4360950495049503
bay_street_314,"Bay Street, Ultimo, NSW",2018-05-01; 2018-06-13,16:42-16:55; 11:11-11:28; 16:22-16:38,Useful data,3.18,6,3.21,42,37,5,0,1,0,0,0,,1,1,0,0,0,0,1,1.490566037735849,1.3555663551401866
bay_street_315,"Bay Street, Ultimo, NSW",2018-05-01; 2018-06-13,16:42-16:55; 11:11-11:28; 16:22-16:38,Useful data,3.34,7,3.04,43,38,5,0,0,0,0,0,,0,1,1,0,0,0,1,1.4191616766467068,1.3188828947368423
bay_street_316,"Bay Street, Ultimo, NSW",2018-05-01; 2018-06-13,16:42-16:55; 11:11-11:28; 16:22-16:38,Useful data,2.95,6,3.06,44,38,6,0,1,0,0,0,,1,1,0,0,0,0,1,1.6067796610169491,1.4220156862745095
bay_street_317,"Bay Street, Ultimo, NSW",2018-05-01; 2018-06-13,16:42-16:55; 11:11-11:28; 16:22-16:38,Useful data,3.09,7,2.79,45,38,7,0,1,0,0,0,,0,1,1,0,0,0,1,1.533980582524272,1.437062365591398
bay_street_318,"Bay Street, Ultimo, NSW",2018-05-01; 2018-06-13,16:42-16:55; 11:11-11:28; 16:22-16:38,Useful data,3.31,7,2.82,46,44,2,0,1,0,1,0,,0,1,1,0,0,0,1,1.43202416918429,1.4217744680851068
bay_street_319,"Bay Street, Ultimo, NSW",2018-05-01; 2018-06-13,16:42-16:55; 11:11-11:28; 16:22-16:38,Useful data,4.29,9,2.83,47,44,3,0,1,0,0,0,,0,1,1,0,0,0,1,1.104895104895105,1.416750530035336
bay_street_320,"Bay Street, Ultimo, NSW",2018-05-01; 2018-06-13,16:42-16:55; 11:11-11:28; 16:22-16:38,Useful data,5.31,9,3.48,48,44,4,0,1,0,0,0,,1,49,1,0,0,0,1,0.8926553672316385,1.2503931034482756
bay_street_321,"Bay Street, Ultimo, NSW",2018-05-01; 2018-06-13,16:42-16:55; 11:11-11:28; 16:22-16:38,Useful data,4.95,9,3.48,49,44,5,0,1,0,0,0,,1,49,0,0,0,0,1,0.9575757575757576,1.2503931034482756
bay_street_322,"Bay Street, Ultimo, NSW",2018-05-01; 2018-06-13,16:42-16:55; 11:11-11:28; 16:22-16:38,Useful data,4.15,8,3.28,50,45,5,0,1,0,0,0,,0,1,0,0,0,0,1,1.1421686746987951,1.2223792682926833
bay_street_323,"Bay Street, Ultimo, NSW",2018-05-01; 2018-06-13,16:42-16:55; 11:11-11:28; 16:22-16:38,Useful data,3.81,8,2.92,52,46,6,0,1,0,0,0,,0,50,0,0,0,0,1,1.2440944881889764,1.373083561643836
bay_street_324,"Bay Street, Ultimo, NSW",2018-05-01; 2018-06-13,16:42-16:55; 11:11-11:28; 16:22-16:38,Useful data,4.08,7,3.45,53,48,5,0,1,0,0,0,,0,51,1,0,0,0,1,1.161764705882353,1.1621460869565219
bay_street_325,"Bay Street, Ultimo, NSW",2018-05-01; 2018-06-13,16:42-16:55; 11:11-11:28; 16:22-16:38,Useful data,4,8,3.04,54,48,6,0,1,0,0,0,,0,51,1,0,0,0,1,1.185,1.3188828947368423
bay_street_326,"Bay Street, Ultimo, NSW",2018-05-01; 2018-06-13,16:42-16:55; 11:11-11:28; 16:22-16:38,Useful data,3.01,6,3.09,55,53,2,0,0,0,0,0,,1,1,0,0,1,0,1,1.5747508305647842,1.4884038834951456
bay_street_327,"Bay Street, Ultimo, NSW",2018-05-01; 2018-06-13,16:42-16:55; 11:11-11:28; 16:22-16:38,Useful data,3.11,5,3.15,56,54,2,0,0,0,0,0,,1,1,0,1,0,0,1,1.5241157556270097,1.3813866666666663
bay_street_328,"Bay Street, Ultimo, NSW",2018-05-01; 2018-06-13,16:42-16:55; 11:11-11:28; 16:22-16:38,Useful data,2.71,6,3.15,57,55,2,0,1,0,0,0,,1,1,0,0,0,0,1,1.7490774907749078,1.3813866666666663
bay_street_329,"Bay Street, Ultimo, NSW",2018-05-01; 2018-06-13,16:42-16:55; 11:11-11:28; 16:22-16:38,Useful data,3,6,2.83,58,56,2,0,0,0,0,0,,1,1,1,0,0,0,1,1.58,1.5375858657243813
bay_street_330,"Bay Street, Ultimo, NSW",2018-05-01; 2018-06-13,16:42-16:55; 11:11-11:28; 16:22-16:38,Useful data,3.2,6,3.27,59,57,2,0,0,0,0,0,,1,1,0,0,0,1,1,1.48125,1.330693577981651
bay_street_331,"Bay Street, Ultimo, NSW",2018-05-01; 2018-06-13,16:42-16:55; 11:11-11:28; 16:22-16:38,Useful data,4.05,8,3.45,60,58,2,0,1,0,0,0,,1,1,0,1,0,0,1,1.1703703703703705,1.2612660869565213
bay_street_332,"Bay Street, Ultimo, NSW",2018-05-01; 2018-06-13,16:42-16:55; 11:11-11:28; 16:22-16:38,Useful data,3.94,7,3.31,61,58,3,0,1,0,0,0,,0,1,1,0,0,0,1,1.203045685279188,1.2113003021148039
bay_street_333,"Bay Street, Ultimo, NSW",2018-05-01; 2018-06-13,16:42-16:55; 11:11-11:28; 16:22-16:38,Useful data,3.84,7,3.33,62,60,2,0,0,0,0,0,,0,52,1,0,0,0,1,1.234375,1.2040252252252255
bay_street_334,"Bay Street, Ultimo, NSW",2018-05-01; 2018-06-13,16:42-16:55; 11:11-11:28; 16:22-16:38,Useful data,3.6,7,2.92,63,60,3,0,0,0,0,0,,1,52,0,1,0,0,1,1.3166666666666667,1.490194520547945
bay_street_335,"Bay Street, Ultimo, NSW",2018-05-01; 2018-06-13,16:42-16:55; 11:11-11:28; 16:22-16:38,Useful data,1.88,6,2.94,64,62,2,0,0,0,0,0,,1,1,0,0,0,0,1,2.521276595744681,1.4800571428571425
bay_street_336,"Bay Street, Ultimo, NSW",2018-05-01; 2018-06-13,16:42-16:55; 11:11-11:28; 16:22-16:38,Useful data,3.04,6,2.95,65,63,2,0,1,0,0,0,,1,1,0,0,0,0,1,1.5592105263157896,1.4750399999999997
bay_street_337,"Bay Street, Ultimo, NSW",2018-05-01; 2018-06-13,16:42-16:55; 11:11-11:28; 16:22-16:38,Useful data,3.22,7,2.88,66,64,2,0,1,0,0,0,,1,1,0,1,0,0,1,1.4720496894409938,1.5108916666666663
bay_street_338,"Bay Street, Ultimo, NSW",2018-05-01; 2018-06-13,16:42-16:55; 11:11-11:28; 16:22-16:38,Useful data,3.33,7,3.31,67,65,2,0,0,0,0,0,,1,1,1,0,0,0,1,1.4234234234234235,1.314612688821752
bay_street_339,"Bay Street, Ultimo, NSW",2018-05-01; 2018-06-13,16:42-16:55; 11:11-11:28; 16:22-16:38,Useful data,4.15,10,2.58,69,65,4,0,0,0,0,0,,1,53,0,0,0,0,1,1.1421686746987951,1.686576744186046
bay_street_340,"Bay Street, Ultimo, NSW",2018-05-01; 2018-06-13,16:42-16:55; 11:11-11:28; 16:22-16:38,Useful data,3.8,7,3.3,70,65,5,0,0,0,0,0,,0,53,0,0,0,0,1,1.2473684210526317,1.2149709090909093
bay_street_341,"Bay Street, Ultimo, NSW",2018-05-01; 2018-06-13,16:42-16:55; 11:11-11:28; 16:22-16:38,Useful data,3.78,8,3.11,71,65,6,0,0,0,0,0,,0,53,0,0,0,0,1,1.2539682539682542,1.2891974276527334
bay_street_342,"Bay Street, Ultimo, NSW",2018-05-01; 2018-06-13,16:42-16:55; 11:11-11:28; 16:22-16:38,Useful data,2.71,6,3.09,72,70,2,0,0,0,0,0,,1,1,0,1,0,0,1,1.7490774907749078,1.4082097087378638
bay_street_343,"Bay Street, Ultimo, NSW",2018-05-01; 2018-06-13,16:42-16:55; 11:11-11:28; 16:22-16:38,Useful data,3.6,6,3.31,73,70,3,0,0,0,0,0,,1,1,0,1,0,0,1,1.3166666666666667,1.3894767371601207
bay_street_344,"Bay Street, Ultimo, NSW",2018-05-01; 2018-06-13,16:42-16:55; 11:11-11:28; 16:22-16:38,Useful data,4.66,7,3.55,74,72,2,0,0,0,0,0,,0,54,1,0,0,0,1,1.017167381974249,1.129409577464789
bay_street_345,"Bay Street, Ultimo, NSW",2018-05-01; 2018-06-13,16:42-16:55; 11:11-11:28; 16:22-16:38,Useful data,4.33,8,3.39,75,72,3,0,0,1,0,0,,0,54,0,1,0,0,3,1.094688221709007,1.1827150442477878
bay_street_346,"Bay Street, Ultimo, NSW",2018-05-01; 2018-06-13,16:42-16:55; 11:11-11:28; 16:22-16:38,Useful data,2.91,6,3.34,76,74,2,0,0,0,0,0,,1,1,0,1,0,0,1,1.6288659793814433,1.3028047904191615
bay_street_347,"Bay Street, Ultimo, NSW",2018-05-01; 2018-06-13,16:42-16:55; 11:11-11:28; 16:22-16:38,Useful data,3.46,8,2.97,77,74,3,0,1,0,0,0,,0,55,0,1,0,0,1,1.369942196531792,1.349967676767677
bay_street_348,"Bay Street, Ultimo, NSW",2018-05-01; 2018-06-13,16:42-16:55; 11:11-11:28; 16:22-16:38,Useful data,3.21,6,3.25,78,74,4,0,1,0,0,0,,1,55,0,0,0,0,1,1.4766355140186918,1.4151286153846152
bay_street_349,"Bay Street, Ultimo, NSW",2018-05-01; 2018-06-13,16:42-16:55; 11:11-11:28; 16:22-16:38,Useful data,3.99,8,2.92,79,77,2,0,1,1,0,0,,0,1,1,0,0,0,3,1.1879699248120301,1.373083561643836
bay_street_350,"Bay Street, Ultimo, NSW",2018-05-01; 2018-06-13,16:42-16:55; 11:11-11:28; 16:22-16:38,Useful data,3.51,7,3.06,80,77,3,0,1,0,0,0.5,0.1624574256153204,1,1,1,0,0,0,2,1.3504273504273505,1.4220156862745095
bay_street_351,"Bay Street, Ultimo, NSW",2018-05-01; 2018-06-13,16:42-16:55; 11:11-11:28; 16:22-16:38,Useful data,3.82,6,3.55,81,77,4,0,1,0,0,1.7000000000000455,0.05286777152304856,1,1,1,0,0,0,2,1.2408376963350787,1.2257374647887322
bay_street_352,"Bay Street, Ultimo, NSW",2018-05-01; 2018-06-13,16:42-16:55; 11:11-11:28; 16:22-16:38,Useful data,3.51,7,3.4,82,77,5,0,0,1,0,0,,0,1,1,0,0,0,3,1.3504273504273505,1.1792364705882357
bay_street_353,"Bay Street, Ultimo, NSW",2018-05-01; 2018-06-13,16:42-16:55; 11:11-11:28; 16:22-16:38,Useful data,3.78,7,3.24,83,79,4,0,0,0,0,1.8000000000000114,-0.09645909645909634,0,1,1,1,0,0,2,1.2539682539682542,1.2374703703703704
bay_street_354,"Bay Street, Ultimo, NSW",2018-05-01; 2018-06-13,16:42-16:55; 11:11-11:28; 16:22-16:38,Useful data,3.99,8,3.19,85,82,3,0,0,0,0,0,,0,56,0,0,0,0,1,1.1879699248120301,1.256866457680251
bay_street_355,"Bay Street, Ultimo, NSW",2018-05-01; 2018-06-13,16:42-16:55; 11:11-11:28; 16:22-16:38,Useful data,4.2,7,3.51,87,82,5,0,0,0,0,0,,1,56,0,0,0,0,1,1.1285714285714286,1.2397059829059827
bay_street_356,"Bay Street, Ultimo, NSW",2018-05-01; 2018-06-13,16:42-16:55; 11:11-11:28; 16:22-16:38,Useful data,2.73,5,3.33,88,86,2,0,0,0,0,0,,1,1,1,0,0,0,1,1.7362637362637363,1.3811315315315313
bay_street_357,"Bay Street, Ultimo, NSW",2018-05-01; 2018-06-13,16:42-16:55; 11:11-11:28; 16:22-16:38,Useful data,5.8,9,3.37,89,86,3,0,0,1,0,0,,0,1,0,0,0,0,3,0.8172413793103449,1.1897341246290802
bay_street_358,"Bay Street, Ultimo, NSW",2018-05-01; 2018-06-13,16:42-16:55; 11:11-11:28; 16:22-16:38,Useful data,3.51,8,2.76,90,88,2,0,0,0,0,0,,0,1,0,1,0,0,1,1.3504273504273505,1.4526826086956526
bay_street_359,"Bay Street, Ultimo, NSW",2018-05-01; 2018-06-13,16:42-16:55; 11:11-11:28; 16:22-16:38,Useful data,1.66,5,2.17,91,89,2,0,0,0,0,0,,1,57,0,0,0,0,1,2.8554216867469884,2.005238709677419
bay_street_360,"Bay Street, Ultimo, NSW",2018-05-01; 2018-06-13,16:42-16:55; 11:11-11:28; 16:22-16:38,Useful data,1.8,5,2.29,92,89,3,0,0,0,0,0,,0,57,0,0,0,0,1,2.6333333333333333,1.7508314410480352
bay_street_361,"Bay Street, Ultimo, NSW",2018-05-01; 2018-06-13,16:42-16:55; 11:11-11:28; 16:22-16:38,Useful data,3.09,6,3.57,93,91,2,0,0,1,1,0,,1,1,0,0,0,0,3,1.533980582524272,1.2882823529411764
bay_street_362,"Bay Street, Ultimo, NSW",2018-05-01; 2018-06-13,16:42-16:55; 11:11-11:28; 16:22-16:38,Useful data,3.37,6,2.94,94,92,2,0,0,1,0,0,,1,1,0,0,0,0,3,1.4065281899109792,1.4800571428571425
bay_street_363,"Bay Street, Ultimo, NSW",2018-05-01; 2018-06-13,16:42-16:55; 11:11-11:28; 16:22-16:38,Useful data,3.21,7,2.79,95,93,2,0,0,0,0,10,,0,1,1,0,0,0,1,1.4766355140186918,1.437062365591398
bay_street_364,"Bay Street, Ultimo, NSW",2018-05-01; 2018-06-13,16:42-16:55; 11:11-11:28; 16:22-16:38,Useful data,3.07,6,3.19,97,95,2,0,0,0,0,0,,1,1,1,0,0,0,1,1.5439739413680784,1.4417454545454544
bay_street_365,"Bay Street, Ultimo, NSW",2018-05-01; 2018-06-13,16:42-16:55; 11:11-11:28; 16:22-16:38,Useful data,3,7,2.7,98,96,2,0,1,0,0,0,,0,1,0,0,0,0,1,1.58,1.4849644444444448
bay_street_366,"Bay Street, Ultimo, NSW",2018-05-01; 2018-06-13,16:42-16:55; 11:11-11:28; 16:22-16:38,Useful data,3.16,6,3.12,101,98,3,0,0,0,0,0,,0,1,0,0,0,0,1,1.5,1.2850653846153848
bay_street_367,"Bay Street, Ultimo, NSW",2018-05-01; 2018-06-13,16:42-16:55; 11:11-11:28; 16:22-16:38,Useful data,3.63,7,3.18,102,100,2,0,1,0,0,0,,1,1,1,1,0,0,1,1.3057851239669422,1.3683547169811316
bay_street_368,"Bay Street, Ultimo, NSW",2018-05-01; 2018-06-13,16:42-16:55; 11:11-11:28; 16:22-16:38,Useful data,3.4,7,2.89,103,101,2,0,1,0,0,0,,0,1,1,1,0,0,1,1.3941176470588237,1.3873370242214536
bay_street_369,"Bay Street, Ultimo, NSW",2018-05-01; 2018-06-13,16:42-16:55; 11:11-11:28; 16:22-16:38,Useful data,3.58,7,3.27,104,101,3,0,0,0,0,0,,0,1,0,1,0,0,1,1.324022346368715,1.2261174311926608
bay_street_370,"Bay Street, Ultimo, NSW",2018-05-01; 2018-06-13,16:42-16:55; 11:11-11:28; 16:22-16:38,Useful data,3.72,6,3.75,105,101,4,0,0,0,0,0,,1,58,0,1,0,0,1,1.2741935483870968,1.1603647999999998
bay_street_371,"Bay Street, Ultimo, NSW",2018-05-01; 2018-06-13,16:42-16:55; 11:11-11:28; 16:22-16:38,Useful data,3.75,7,3.28,106,101,5,0,0,0,0,0,,0,58,0,0,0,0,1,1.264,1.2223792682926833
bay_street_372,"Bay Street, Ultimo, NSW",2018-05-01; 2018-06-13,16:42-16:55; 11:11-11:28; 16:22-16:38,Useful data,3.75,6,3.6,107,105,2,0,0,1,0,0,,1,1,1,0,0,0,3,1.264,1.208713333333333
bay_street_373,"Bay Street, Ultimo, NSW",2018-05-01; 2018-06-13,16:42-16:55; 11:11-11:28; 16:22-16:38,Useful data,3.33,7,2.88,108,106,2,0,1,0,0,0,,0,1,1,0,0,0,1,1.4234234234234235,1.392154166666667
bay_street_374,"Bay Street, Ultimo, NSW",2018-05-01; 2018-06-13,16:42-16:55; 11:11-11:28; 16:22-16:38,Useful data,3.76,7,3.01,109,107,2,0,1,0,0,0,,0,1,0,1,0,0,1,1.2606382978723405,1.3320279069767447
bay_street_375,"Bay Street, Ultimo, NSW",2018-05-01; 2018-06-13,16:42-16:55; 11:11-11:28; 16:22-16:38,Useful data,3.39,7,3.19,110,108,2,0,0,0,0,0,,0,1,1,0,0,0,1,1.3982300884955752,1.256866457680251
bay_street_376,"Bay Street, Ultimo, NSW",2018-05-01; 2018-06-13,16:42-16:55; 11:11-11:28; 16:22-16:38,Useful data,3.25,7,2.82,111,109,2,0,1,0,0,0,,0,1,0,1,0,0,1,1.4584615384615385,1.4217744680851068
bay_street_377,"Bay Street, Ultimo, NSW",2018-05-01; 2018-06-13,16:42-16:55; 11:11-11:28; 16:22-16:38,Useful data,3.44,7,2.92,112,110,2,0,1,0,0,0,,0,1,1,0,0,0,1,1.377906976744186,1.373083561643836
bay_street_378,"Bay Street, Ultimo, NSW",2018-05-01; 2018-06-13,16:42-16:55; 11:11-11:28; 16:22-16:38,Useful data,3.39,8,2.59,113,111,2,0,1,0,0,0,,0,1,1,0,0,0,1,1.3982300884955752,1.5480324324324328
bay_street_379,"Bay Street, Ultimo, NSW",2018-05-01; 2018-06-13,16:42-16:55; 11:11-11:28; 16:22-16:38,Useful data,3.48,7,2.98,114,111,3,0,0,0,0,0,,0,1,1,1,0,0,1,1.3620689655172415,1.3454375838926178
bay_street_380,"Bay Street, Ultimo, NSW",2018-05-01; 2018-06-13,16:42-16:55; 11:11-11:28; 16:22-16:38,Useful data,3.57,7,3.06,115,112,3,0,1,0,0,0,,1,1,0,0,0,0,1,1.327731092436975,1.4220156862745095
bay_street_381,"Bay Street, Ultimo, NSW",2018-05-01; 2018-06-13,16:42-16:55; 11:11-11:28; 16:22-16:38,Useful data,4.33,8,3.48,117,114,3,0,1,0,0,0,,0,59,0,0,0,0,1,1.094688221709007,1.1521275862068967
bay_street_382,"Bay Street, Ultimo, NSW",2018-05-01; 2018-06-13,16:42-16:55; 11:11-11:28; 16:22-16:38,Useful data,3.85,7,3.46,118,114,4,0,1,0,0,0,,0,59,1,1,0,0,1,1.2311688311688311,1.1587872832369945
bay_street_383,"Bay Street, Ultimo, NSW",2018-05-01; 2018-06-13,16:42-16:55; 11:11-11:28; 16:22-16:38,Useful data,2.95,7,2.59,119,116,3,0,1,0,0,0,,0,1,0,1,0,0,1,1.6067796610169491,1.5480324324324328
bay_street_384,"Bay Street, Ultimo, NSW",2018-05-01; 2018-06-13,16:42-16:55; 11:11-11:28; 16:22-16:38,Useful data,2.8,6,3,120,117,3,0,0,0,0,0,,0,1,1,1,0,0,1,1.692857142857143,1.3364680000000002
bay_street_385,"Bay Street, Ultimo, NSW",2018-05-01; 2018-06-13,16:42-16:55; 11:11-11:28; 16:22-16:38,Useful data,3.78,7,3.04,1,0,1,0,1,0,0,0,,1,1,1,0,0,0,1,1.2539682539682542,1.4313710526315786
bay_street_386,"Bay Street, Ultimo, NSW",2018-05-01; 2018-06-13,16:42-16:55; 11:11-11:28; 16:22-16:38,Useful data,5.36,8,4.03,2,0,2,0,0,1,0,0,,1,1,1,0,0,0,3,0.8843283582089552,1.0797439205955333
bay_street_387,"Bay Street, Ultimo, NSW",2018-05-01; 2018-06-13,16:42-16:55; 11:11-11:28; 16:22-16:38,Useful data,4.64,9,3.08,3,0,3,0,1,0,0,0,,0,60,1,1,0,0,1,1.021551724137931,1.3017545454545456
bay_street_388,"Bay Street, Ultimo, NSW",2018-05-01; 2018-06-13,16:42-16:55; 11:11-11:28; 16:22-16:38,Useful data,4.71,11,2.62,4,0,4,0,1,0,0,0,,1,60,0,0,0,0,1,1.0063694267515924,1.6608274809160302
bay_street_389,"Bay Street, Ultimo, NSW",2018-05-01; 2018-06-13,16:42-16:55; 11:11-11:28; 16:22-16:38,Useful data,4.39,8,3.41,5,1,4,0,1,0,0,0,,0,61,0,0,0,0,1,1.0797266514806378,1.1757782991202348
bay_street_390,"Bay Street, Ultimo, NSW",2018-05-01; 2018-06-13,16:42-16:55; 11:11-11:28; 16:22-16:38,Useful data,4.15,8,3.31,6,1,5,0,1,0,0,0,,1,61,0,0,0,0,1,1.1421686746987951,1.314612688821752
bay_street_391,"Bay Street, Ultimo, NSW",2018-05-01; 2018-06-13,16:42-16:55; 11:11-11:28; 16:22-16:38,Useful data,3.82,7,3.19,8,7,1,0,1,0,0,0,,0,1,0,1,0,0,1,1.2408376963350787,1.256866457680251
bay_street_392,"Bay Street, Ultimo, NSW",2018-05-01; 2018-06-13,16:42-16:55; 11:11-11:28; 16:22-16:38,Useful data,3.37,6,3.27,9,7,2,0,0,0,0,0,,1,1,1,0,0,0,1,1.4065281899109792,1.330693577981651
bay_street_393,"Bay Street, Ultimo, NSW",2018-05-01; 2018-06-13,16:42-16:55; 11:11-11:28; 16:22-16:38,Useful data,4.25,8,3.44,10,8,2,0,0,1,0,0,,0,62,1,0,0,0,3,1.1152941176470588,1.1655244186046514
bay_street_394,"Bay Street, Ultimo, NSW",2018-05-01; 2018-06-13,16:42-16:55; 11:11-11:28; 16:22-16:38,Useful data,4.59,9,3.48,11,8,3,0,0,0,0,0.1999999999999993,-0.08261437908496716,0,62,1,0,0,0,2,1.0326797385620916,1.1521275862068967
bay_street_395,"Bay Street, Ultimo, NSW",2018-05-01; 2018-06-13,16:42-16:55; 11:11-11:28; 16:22-16:38,Useful data,3.54,7,3.03,12,9,3,0,0,0,0,4.099999999999998,0.22368893320039884,0,63,1,0,0,0,2,1.3389830508474576,1.3232356435643569
bay_street_396,"Bay Street, Ultimo, NSW",2018-05-01; 2018-06-13,16:42-16:55; 11:11-11:28; 16:22-16:38,Useful data,3.7,8,3.22,13,9,4,0,0,0,0,4.099999999999998,0.16578696343402233,0,63,1,0,0,0,2,1.281081081081081,1.2451565217391307
bay_street_397,"Bay Street, Ultimo, NSW",2018-05-01; 2018-06-13,16:42-16:55; 11:11-11:28; 16:22-16:38,Useful data,3.73,7,3.24,14,11,3,0,0,0,0,5.099999999999998,,0,1,1,0,0,0,1,1.2707774798927614,1.2374703703703704
bay_street_398,"Bay Street, Ultimo, NSW",2018-05-01; 2018-06-13,16:42-16:55; 11:11-11:28; 16:22-16:38,Useful data,3.49,6,3.45,15,11,4,0,0,0,0,5.399999999999999,,0,1,1,0,0,0,1,1.3581661891117478,1.1621460869565219
bay_street_399,"Bay Street, Ultimo, NSW",2018-05-01; 2018-06-13,16:42-16:55; 11:11-11:28; 16:22-16:38,Useful data,3.49,6,3.4,16,11,5,0,0,0,0,5.899999999999999,,1,1,1,0,0,0,1,1.3581661891117478,1.2798141176470585
bay_street_400,"Bay Street, Ultimo, NSW",2018-05-01; 2018-06-13,16:42-16:55; 11:11-11:28; 16:22-16:38,Useful data,7,9,4.98,17,13,4,0,0,0,0,8.8,,0,64,1,1,0,0,1,0.6771428571428572,0.8051012048192772
bay_street_401,"Bay Street, Ultimo, NSW",2018-05-01; 2018-06-13,16:42-16:55; 11:11-11:28; 16:22-16:38,Useful data,6,9,4.66,18,15,3,0,0,1,0,9.2,,1,64,1,1,0,0,3,0.79,0.9337699570815449
bay_street_402,"Bay Street, Ultimo, NSW",2018-05-01; 2018-06-13,16:42-16:55; 11:11-11:28; 16:22-16:38,Useful data,3.67,8,2.8,19,18,1,0,0,1,0,0,,0,1,1,1,0,0,3,1.2915531335149864,1.4319300000000004
bay_street_403,"Bay Street, Ultimo, NSW",2018-05-01; 2018-06-13,16:42-16:55; 11:11-11:28; 16:22-16:38,Useful data,4.32,7,3.66,20,18,2,0,0,0,0,2.0999999999999943,-0.19433091129276425,1,1,0,1,0,0,2,1.097222222222222,1.1888983606557373
bay_street_404,"Bay Street, Ultimo, NSW",2018-05-01; 2018-06-13,16:42-16:55; 11:11-11:28; 16:22-16:38,Useful data,2.5,6,2.89,21,19,2,0,1,0,0,0,,1,1,0,0,0,0,1,1.8960000000000001,1.5056636678200688
bay_street_405,"Bay Street, Ultimo, NSW",2018-05-01; 2018-06-13,16:42-16:55; 11:11-11:28; 16:22-16:38,Useful data,2.82,6,2.93,22,21,1,0,0,0,0,0,,1,1,0,0,0,0,1,1.6808510638297873,1.4851085324232078
bay_street_406,"Bay Street, Ultimo, NSW",2018-05-01; 2018-06-13,16:42-16:55; 11:11-11:28; 16:22-16:38,Useful data,3.35,6,3.4,23,21,2,0,1,0,0,0,,0,1,1,0,0,0,1,1.4149253731343283,1.1792364705882357
bay_street_407,"Bay Street, Ultimo, NSW",2018-05-01; 2018-06-13,16:42-16:55; 11:11-11:28; 16:22-16:38,Useful data,3.77,8,3.16,24,22,2,0,1,0,0,0,,0,1,1,0,0,0,1,1.257294429708223,1.2687987341772153
bay_street_408,"Bay Street, Ultimo, NSW",2018-05-01; 2018-06-13,16:42-16:55; 11:11-11:28; 16:22-16:38,Useful data,3.85,7,3.12,25,24,1,0,0,0,0,0,,1,1,0,1,0,0,1,1.2311688311688311,1.3946692307692303
bay_street_409,"Bay Street, Ultimo, NSW",2018-05-01; 2018-06-13,16:42-16:55; 11:11-11:28; 16:22-16:38,Useful data,3.5,6,3.18,26,24,2,0,1,1,0,0,,1,1,0,0,0,0,3,1.3542857142857143,1.3683547169811316
bay_street_410,"Bay Street, Ultimo, NSW",2018-05-01; 2018-06-13,16:42-16:55; 11:11-11:28; 16:22-16:38,Useful data,3.47,7,3.46,27,26,1,0,0,0,0,0,,0,1,1,0,0,0,1,1.3659942363112392,1.1587872832369945
bay_street_411,"Bay Street, Ultimo, NSW",2018-05-01; 2018-06-13,16:42-16:55; 11:11-11:28; 16:22-16:38,Useful data,3.37,6,3.37,28,26,2,0,0,0,0,0,,1,1,1,1,0,0,1,1.4065281899109792,1.2912071216617207
bay_street_412,"Bay Street, Ultimo, NSW",2018-05-01; 2018-06-13,16:42-16:55; 11:11-11:28; 16:22-16:38,Useful data,3.93,7,3.37,29,27,2,0,0,0,0,0,,0,1,1,0,0,0,1,1.2061068702290076,1.1897341246290802
bay_street_413,"Bay Street, Ultimo, NSW",2018-05-01; 2018-06-13,16:42-16:55; 11:11-11:28; 16:22-16:38,Useful data,3.34,7,3.14,30,29,1,0,1,1,0,0,,1,1,1,0,0,0,3,1.4191616766467068,1.3857859872611462
bay_street_414,"Bay Street, Ultimo, NSW",2018-05-01; 2018-06-13,16:42-16:55; 11:11-11:28; 16:22-16:38,Useful data,3.3,8,2.73,31,29,2,0,1,0,0,1.7999999999999972,0.017201959716929727,1,1,1,0,0,0,2,1.4363636363636365,1.593907692307692
bay_street_415,"Bay Street, Ultimo, NSW",2018-05-01; 2018-06-13,16:42-16:55; 11:11-11:28; 16:22-16:38,Useful data,3.58,7,3.13,32,31,1,0,1,1,0,8.200000000000003,,1,1,1,0,0,0,3,1.324022346368715,1.3902134185303512
bay_street_416,"Bay Street, Ultimo, NSW",2018-05-01; 2018-06-13,16:42-16:55; 11:11-11:28; 16:22-16:38,Useful data,3.64,6,3.45,33,31,2,0,0,0,0,0,,1,1,0,1,0,0,1,1.3021978021978022,1.2612660869565213
bay_street_417,"Bay Street, Ultimo, NSW",2018-05-01; 2018-06-13,16:42-16:55; 11:11-11:28; 16:22-16:38,Useful data,3.85,7,2.98,34,33,1,0,1,0,0,5.799999999999997,,1,65,1,0,0,0,1,1.2311688311688311,1.4601906040268453
bay_street_418,"Bay Street, Ultimo, NSW",2018-05-01; 2018-06-13,16:42-16:55; 11:11-11:28; 16:22-16:38,Useful data,4.02,9,2.71,35,33,2,0,1,0,0,6,,1,65,0,0,0,0,1,1.1791044776119404,1.6056708487084868
bay_street_419,"Bay Street, Ultimo, NSW",2018-05-01; 2018-06-13,16:42-16:55; 11:11-11:28; 16:22-16:38,Useful data,4.02,9,2.71,36,33,3,0,1,0,0,6,,1,65,0,0,0,0,1,1.1791044776119404,1.6056708487084868
bay_street_420,"Bay Street, Ultimo, NSW",2018-05-01; 2018-06-13,16:42-16:55; 11:11-11:28; 16:22-16:38,Useful data,4.32,8,3.67,37,33,4,0,1,0,0,6.400000000000006,,0,1,1,0,0,0,1,1.097222222222222,1.092480653950954
bay_street_421,"Bay Street, Ultimo, NSW",2018-05-01; 2018-06-13,16:42-16:55; 11:11-11:28; 16:22-16:38,Useful data,3.45,6,3.14,38,33,5,0,1,0,1,6.599999999999994,,1,1,1,0,0,0,1,1.373913043478261,1.3857859872611462
bay_street_422,"Bay Street, Ultimo, NSW",2018-05-01; 2018-06-13,16:42-16:55; 11:11-11:28; 16:22-16:38,Useful data,3.43,7,3.12,39,33,6,0,1,0,0,0.10000000000000853,0.008011154772467943,1,1,1,0,0,0,2,1.3819241982507289,1.3946692307692303
bay_street_423,"Bay Street, Ultimo, NSW",2018-05-01; 2018-06-13,16:42-16:55; 11:11-11:28; 16:22-16:38,Useful data,7,10,3.24,40,33,7,0,1,0,0,2.4000000000000057,-0.6967701863354038,0,1,1,0,0,0,2,0.6771428571428572,1.2374703703703704
bay_street_424,"Bay Street, Ultimo, NSW",2018-05-01; 2018-06-13,16:42-16:55; 11:11-11:28; 16:22-16:38,Useful data,2.92,6,3.18,41,38,3,0,0,0,0,0,,0,1,1,0,0,0,1,1.6232876712328768,1.2608188679245285
bay_street_425,"Bay Street, Ultimo, NSW",2018-05-01; 2018-06-13,16:42-16:55; 11:11-11:28; 16:22-16:38,Useful data,4.12,8,3.6,42,41,1,0,0,0,0,0,,0,66,1,1,0,0,1,1.1504854368932038,1.1137233333333336
bay_street_426,"Bay Street, Ultimo, NSW",2018-05-01; 2018-06-13,16:42-16:55; 11:11-11:28; 16:22-16:38,Useful data,4.26,8,3.11,43,41,2,0,0,1,0,0,,0,66,1,0,0,0,3,1.1126760563380282,1.2891974276527334
bay_street_427,"Bay Street, Ultimo, NSW",2018-05-01; 2018-06-13,16:42-16:55; 11:11-11:28; 16:22-16:38,Useful data,3.03,6,2.67,44,43,1,0,0,0,0,0,,0,1,1,0,0,0,1,1.5643564356435646,1.5016494382022476
bay_street_428,"Bay Street, Ultimo, NSW",2018-05-01; 2018-06-13,16:42-16:55; 11:11-11:28; 16:22-16:38,Useful data,3.57,7,3.02,45,44,1,0,1,0,0,0,,0,1,1,0,0,0,1,1.327731092436975,1.3276172185430466
bay_street_429,"Bay Street, Ultimo, NSW",2018-05-01; 2018-06-13,16:42-16:55; 11:11-11:28; 16:22-16:38,Useful data,3.09,6,3.12,46,44,2,0,0,1,0,0,,1,1,0,1,0,0,3,1.533980582524272,1.3946692307692303
bay_street_430,"Bay Street, Ultimo, NSW",2018-05-01; 2018-06-13,16:42-16:55; 11:11-11:28; 16:22-16:38,Useful data,3.01,7,2.63,47,44,3,0,1,0,0,0,,0,67,0,0,0,0,1,1.5747508305647842,1.524488212927757
bay_street_431,"Bay Street, Ultimo, NSW",2018-05-01; 2018-06-13,16:42-16:55; 11:11-11:28; 16:22-16:38,Useful data,3.09,7,2.5,48,44,4,0,1,0,0,0,,0,67,0,0,0,0,1,1.533980582524272,1.6037616000000003
bay_street_432,"Bay Street, Ultimo, NSW",2018-05-01; 2018-06-13,16:42-16:55; 11:11-11:28; 16:22-16:38,Useful data,2.95,7,2.41,49,44,5,0,1,0,0,0,,0,67,0,0,0,0,1,1.6067796610169491,1.6636531120331952
bay_street_433,"Bay Street, Ultimo, NSW",2018-05-01; 2018-06-13,16:42-16:55; 11:11-11:28; 16:22-16:38,Useful data,3.08,7,2.69,50,44,6,0,1,0,0,0,,0,67,0,0,0,0,1,1.538961038961039,1.4904847583643126
bay_street_434,"Bay Street, Ultimo, NSW",2018-05-01; 2018-06-13,16:42-16:55; 11:11-11:28; 16:22-16:38,Useful data,3.46,8,3.03,51,44,7,0,1,0,0,0,,0,67,0,0,0,0,1,1.369942196531792,1.3232356435643569
bay_street_435,"Bay Street, Ultimo, NSW",2018-05-01; 2018-06-13,16:42-16:55; 11:11-11:28; 16:22-16:38,Useful data,3.35,7,2.74,52,45,7,0,1,0,0,0,,0,67,0,0,0,0,1,1.4149253731343283,1.4632861313868615
bay_street_436,"Bay Street, Ultimo, NSW",2018-05-01; 2018-06-13,16:42-16:55; 11:11-11:28; 16:22-16:38,Useful data,3.64,8,2.81,53,46,7,0,1,0,0,0,,0,67,0,0,0,0,1,1.3021978021978022,1.426834163701068
bay_street_437,"Bay Street, Ultimo, NSW",2018-05-01; 2018-06-13,16:42-16:55; 11:11-11:28; 16:22-16:38,Useful data,3.4,8,2.48,54,46,8,0,1,0,0,0,,0,67,0,0,0,0,1,1.3941176470588237,1.6166951612903229
bay_street_438,"Bay Street, Ultimo, NSW",2018-05-01; 2018-06-13,16:42-16:55; 11:11-11:28; 16:22-16:38,Useful data,3.33,10,2.38,55,50,5,0,1,0,0,0,,0,67,0,0,0,0,1,1.4234234234234235,1.684623529411765
bay_street_439,"Bay Street, Ultimo, NSW",2018-05-01; 2018-06-13,16:42-16:55; 11:11-11:28; 16:22-16:38,Useful data,3.26,8,2.59,56,50,6,0,1,0,0,0,,0,67,0,0,0,0,1,1.45398773006135,1.5480324324324328
bay_street_440,"Bay Street, Ultimo, NSW",2018-05-01; 2018-06-13,16:42-16:55; 11:11-11:28; 16:22-16:38,Useful data,4.47,7,3.77,57,50,7,0,0,0,0,6.299999999999983,,0,68,1,1,0,0,1,1.0604026845637584,1.0635023872679048
bay_street_441,"Bay Street, Ultimo, NSW",2018-05-01; 2018-06-13,16:42-16:55; 11:11-11:28; 16:22-16:38,Useful data,4.38,7,3.81,58,50,8,0,0,0,0,6.299999999999983,,0,68,1,1,0,0,1,1.082191780821918,1.052337007874016
bay_street_442,"Bay Street, Ultimo, NSW",2018-05-01; 2018-06-13,16:42-16:55; 11:11-11:28; 16:22-16:38,Useful data,3.39,7,2.98,59,56,3,0,0,0,0,0,,0,1,1,1,0,0,1,1.3982300884955752,1.3454375838926178
bay_street_443,"Bay Street, Ultimo, NSW",2018-05-01; 2018-06-13,16:42-16:55; 11:11-11:28; 16:22-16:38,Useful data,3.61,8,3.02,60,58,2,0,1,0,0,0,,0,69,1,0,0,0,1,1.3130193905817176,1.3276172185430466
bay_street_444,"Bay Street, Ultimo, NSW",2018-05-01; 2018-06-13,16:42-16:55; 11:11-11:28; 16:22-16:38,Useful data,3.71,6,3.31,61,58,3,0,1,0,0,0,,0,69,1,0,0,0,1,1.2776280323450135,1.2113003021148039
bay_street_445,"Bay Street, Ultimo, NSW",2018-05-01; 2018-06-13,16:42-16:55; 11:11-11:28; 16:22-16:38,Useful data,3.64,6,3.16,62,61,1,0,1,0,0,0,,1,1,1,0,0,0,1,1.3021978021978022,1.3770151898734173
bay_street_446,"Bay Street, Ultimo, NSW",2018-05-01; 2018-06-13,16:42-16:55; 11:11-11:28; 16:22-16:38,Useful data,2.97,6,3.28,63,61,2,0,0,0,0,0,,1,1,1,1,0,0,1,1.595959595959596,1.3266365853658535
bay_street_447,"Bay Street, Ultimo, NSW",2018-05-01; 2018-06-13,16:42-16:55; 11:11-11:28; 16:22-16:38,Useful data,3.47,7,2.92,64,63,1,0,1,1,0,0,,0,1,1,0,0,0,3,1.3659942363112392,1.373083561643836
bay_street_448,"Bay Street, Ultimo, NSW",2018-05-01; 2018-06-13,16:42-16:55; 11:11-11:28; 16:22-16:38,Useful data,2.56,6,3.25,65,63,2,0,0,0,0,0,,0,1,0,1,0,0,1,1.8515625,1.2336627692307696
bay_street_449,"Bay Street, Ultimo, NSW",2018-05-01; 2018-06-13,16:42-16:55; 11:11-11:28; 16:22-16:38,Useful data,3.45,6,3.61,66,64,2,0,0,0,0,0,,1,70,0,0,0,0,1,1.373913043478261,1.2053650969529084
bay_street_450,"Bay Street, Ultimo, NSW",2018-05-01; 2018-06-13,16:42-16:55; 11:11-11:28; 16:22-16:38,Useful data,3.42,7,3.19,67,64,3,0,0,0,0,0,,0,70,0,0,0,0,1,1.3859649122807018,1.256866457680251
bay_street_451,"Bay Street, Ultimo, NSW",2018-05-01; 2018-06-13,16:42-16:55; 11:11-11:28; 16:22-16:38,Useful data,4,7,3.41,68,67,1,0,0,0,0,0,,0,1,1,0,0,0,1,1.185,1.1757782991202348
bay_street_452,"Bay Street, Ultimo, NSW",2018-05-01; 2018-06-13,16:42-16:55; 11:11-11:28; 16:22-16:38,Useful data,3.24,6,3.23,69,67,2,0,1,0,0,0,,1,1,1,0,0,0,1,1.462962962962963,1.3471727554179564
bay_street_453,"Bay Street, Ultimo, NSW",2018-05-01; 2018-06-13,16:42-16:55; 11:11-11:28; 16:22-16:38,Useful data,4.06,7,3.57,70,67,3,0,0,0,0,0,,1,1,0,0,0,0,1,1.1674876847290643,1.218870588235294
bay_street_454,"Bay Street, Ultimo, NSW",2018-05-01; 2018-06-13,16:42-16:55; 11:11-11:28; 16:22-16:38,Useful data,3.67,7,3.15,71,67,4,0,1,0,0,0,,0,1,1,1,0,0,1,1.2915531335149864,1.272826666666667
bay_street_455,"Bay Street, Ultimo, NSW",2018-05-01; 2018-06-13,16:42-16:55; 11:11-11:28; 16:22-16:38,Useful data,3.31,7,3,72,67,5,0,1,0,0,0,,0,1,0,0,0,0,1,1.43202416918429,1.3364680000000002
bay_street_456,"Bay Street, Ultimo, NSW",2018-05-01; 2018-06-13,16:42-16:55; 11:11-11:28; 16:22-16:38,Useful data,3.1,6,3.07,73,67,6,0,0,0,0,0,,1,1,1,0,0,0,1,1.5290322580645161,1.4173837133550486
bay_street_457,"Bay Street, Ultimo, NSW",2018-05-01; 2018-06-13,16:42-16:55; 11:11-11:28; 16:22-16:38,Useful data,3.82,8,3.13,74,68,6,0,0,0,0,0,,0,1,1,1,0,0,1,1.2408376963350787,1.280959744408946
bay_street_458,"Bay Street, Ultimo, NSW",2018-05-01; 2018-06-13,16:42-16:55; 11:11-11:28; 16:22-16:38,Useful data,4.45,8,3.77,75,69,6,0,0,1,0,0,,1,1,0,0,0,0,3,1.0651685393258428,1.154209018567639
bay_street_459,"Bay Street, Ultimo, NSW",2018-05-01; 2018-06-13,16:42-16:55; 11:11-11:28; 16:22-16:38,Useful data,3.9,7,2.98,76,69,7,0,1,0,0,0,,1,1,1,0,0,0,1,1.2153846153846155,1.4601906040268453
bay_street_460,"Bay Street, Ultimo, NSW",2018-05-01; 2018-06-13,16:42-16:55; 11:11-11:28; 16:22-16:38,Useful data,3.52,7,2.97,77,71,6,0,1,0,0,0,,0,1,0,0,0,0,1,1.3465909090909092,1.349967676767677
bay_street_461,"Bay Street, Ultimo, NSW",2018-05-01; 2018-06-13,16:42-16:55; 11:11-11:28; 16:22-16:38,Useful data,4,8,2.95,78,71,7,0,1,1,0,0,,0,1,1,0,0,0,3,1.185,1.35912
bay_street_462,"Bay Street, Ultimo, NSW",2018-05-01; 2018-06-13,16:42-16:55; 11:11-11:28; 16:22-16:38,Useful data,3.71,7,3.04,79,74,5,0,1,0,0,2.8000000000000114,0.09262803234501349,1,1,1,0,0,0,2,1.2776280323450135,1.4313710526315786
bay_street_463,"Bay Street, Ultimo, NSW",2018-05-01; 2018-06-13,16:42-16:55; 11:11-11:28; 16:22-16:38,Useful data,4.03,8,3.34,80,78,2,0,1,0,0,4.300000000000011,-0.008821339950372264,1,71,0,0,0,0,2,1.1761786600496278,1.3028047904191615
bay_street_464,"Bay Street, Ultimo, NSW",2018-05-01; 2018-06-13,16:42-16:55; 11:11-11:28; 16:22-16:38,Useful data,3.97,7,3.37,81,78,3,0,1,0,0,4.400000000000006,0.00895465994962219,0,71,1,0,0,0,2,1.1939546599496222,1.1897341246290802
bay_street_465,"Bay Street, Ultimo, NSW",2018-05-01; 2018-06-13,16:42-16:55; 11:11-11:28; 16:22-16:38,Useful data,3.57,7,2.86,82,78,4,0,0,1,0,5.799999999999983,,0,1,1,1,0,1,3,1.327731092436975,1.4018895104895108
bay_street_466,"Bay Street, Ultimo, NSW",2018-05-01; 2018-06-13,16:42-16:55; 11:11-11:28; 16:22-16:38,Useful data,4.09,8,2.96,83,78,5,0,1,0,0,6,,0,1,1,0,0,0,1,1.1589242053789732,1.3545283783783786
bay_street_467,"Bay Street, Ultimo, NSW",2018-05-01; 2018-06-13,16:42-16:55; 11:11-11:28; 16:22-16:38,Useful data,3.52,7,2.84,84,79,5,0,1,0,0,6.800000000000011,,0,72,1,0,0,0,1,1.3465909090909092,1.4117619718309864
bay_street_468,"Bay Street, Ultimo, NSW",2018-05-01; 2018-06-13,16:42-16:55; 11:11-11:28; 16:22-16:38,Useful data,3.8,7,3.23,85,79,6,0,1,0,0,6.800000000000011,,1,72,0,0,0,0,1,1.2473684210526317,1.3471727554179564
bay_street_469,"Bay Street, Ultimo, NSW",2018-05-01; 2018-06-13,16:42-16:55; 11:11-11:28; 16:22-16:38,Useful data,3.94,7,3.28,86,82,4,0,1,0,0,8.599999999999994,,0,1,1,1,0,0,1,1.203045685279188,1.2223792682926833
bay_street_470,"Bay Street, Ultimo, NSW",2018-05-01; 2018-06-13,16:42-16:55; 11:11-11:28; 16:22-16:38,Useful data,4.12,8,3.17,87,84,3,0,1,0,0,0,,0,73,0,0,0,0,1,1.1504854368932038,1.2647962145110414
bay_street_471,"Bay Street, Ultimo, NSW",2018-05-01; 2018-06-13,16:42-16:55; 11:11-11:28; 16:22-16:38,Useful data,3.88,8,3.22,88,85,3,0,1,0,0,0,,0,73,0,0,0,0,1,1.2216494845360826,1.2451565217391307
bay_street_472,"Bay Street, Ultimo, NSW",2018-05-01; 2018-06-13,16:42-16:55; 11:11-11:28; 16:22-16:38,Useful data,3.15,6,3.1,89,86,3,0,0,0,0,9.200000000000017,,1,1,1,0,0,0,1,1.504761904761905,1.403667096774193
bay_street_473,"Bay Street, Ultimo, NSW",2018-05-01; 2018-06-13,16:42-16:55; 11:11-11:28; 16:22-16:38,Useful data,4.98,9,3.42,90,89,1,0,1,0,0,0,,0,1,1,0,0,1,1,0.9518072289156626,1.1723403508771932
bay_street_474,"Bay Street, Ultimo, NSW",2018-05-01; 2018-06-13,16:42-16:55; 11:11-11:28; 16:22-16:38,Useful data,2.66,6,2.69,91,90,1,0,0,0,0,0,,0,1,1,1,0,0,1,1.781954887218045,1.4904847583643126
bay_street_475,"Bay Street, Ultimo, NSW",2018-05-01; 2018-06-13,16:42-16:55; 11:11-11:28; 16:22-16:38,Useful data,3.87,8,3.44,92,90,2,0,0,0,0,0,,0,1,1,1,0,0,1,1.2248062015503876,1.1655244186046514
bay_street_476,"Bay Street, Ultimo, NSW",2018-05-01; 2018-06-13,16:42-16:55; 11:11-11:28; 16:22-16:38,Useful data,4.45,8,3.76,93,92,1,0,0,0,0,0,,1,74,0,0,0,0,1,1.0651685393258428,1.1572787234042552
bay_street_477,"Bay Street, Ultimo, NSW",2018-05-01; 2018-06-13,16:42-16:55; 11:11-11:28; 16:22-16:38,Useful data,4.79,7,3.8,94,92,2,0,0,0,0,0,,0,74,1,0,0,0,1,0.989561586638831,1.055106315789474
