record_id,site,observation_date,collection_window,source_sheet,seconds_elapsed,speed_mps,walking_direction,distance_m,in_group,using_phone,texting,calling,holding_phone,gender_recorded,overtaken,overtakes,phone_follower,phone_follower_2,phone_follower_3,text_follower,group_follower
city_road_001,"City Road Bridge, University of Sydney",2018-04-24,11:24-12:34,Raw data,16.999999999996263,1.4117647058826632,away,24,N,N,N,N,Y,F,,,,N,,,
city_road_002,"City Road Bridge, University of Sydney",2018-04-24,11:24-12:34,Raw data,9.000000000006203,1.9999999999986215,towards,18,N,N,N,N,N,F,,,N,N,N,,
city_road_003,"City Road Bridge, University of Sydney",2018-04-24,11:24-12:34,Raw data,16.999999999996263,1.4117647058826632,away,24,N,N,N,N,Y,M,,,,N,,,
city_road_004,"City Road Bridge, University of Sydney",2018-04-24,11:24-12:34,Raw data,19.99999999999673,1.200000000000196,away,24,N,N,N,N,N,M,,,,N,,,
city_road_005,"City Road Bridge, University of Sydney",2018-04-24,11:24-12:34,Raw data,17.00000000000106,1.0588235294116988,towards,18,N,Y,N,Y,Y,F,,,N,N,N,,
city_road_006,"City Road Bridge, University of Sydney",2018-04-24,11:24-12:34,Raw data,15.999999999994508,1.500000000000515,away,24,N,N,N,N,N,F,,,,N,,,
city_road_007,"City Road Bridge, University of Sydney",2018-04-24,11:24-12:34,Raw data,17.00000000000106,1.0588235294116988,towards,18,N,Y,Y,N,Y,M,,,N,N,N,,
city_road_008,"City Road Bridge, University of Sydney",2018-04-24,11:24-12:34,Raw data,14.00000000000059,1.714285714285642,away,24,N,N,N,N,N,M,,,,N,,,
city_road_009,"City Road Bridge, University of Sydney",2018-04-24,11:24-12:34,Raw data,17.00000000000106,1.411764705882265,away,24,N,N,N,N,N,F,,,,N,,,
city_road_010,"City Road Bridge, University of Sydney",2018-04-24,11:24-12:34,Raw data,15.000000000002345,1.1999999999998123,towards,18,N,N,N,N,N,F,,,Y,N,N,,
city_road_011,"City Road Bridge, University of Sydney",2018-04-24,11:24-12:34,Raw data,17.000000000005855,1.4117647058818668,away,24,N,N,N,N,N,M,,,,N,,,
city_road_012,"City Road Bridge, University of Sydney",2018-04-24,11:24-12:34,Raw data,14.00000000000059,1.714285714285642,away,24,N,N,N,N,N,M,,,,N,,,
city_road_013,"City Road Bridge, University of Sydney",2018-04-24,11:24-12:34,Raw data,15.000000000002345,1.5999999999997498,away,24,N,N,N,N,N,M,,,,N,,,
city_road_014,"City Road Bridge, University of Sydney",2018-04-24,11:24-12:34,Raw data,18.999999999999773,1.2631578947368571,away,24,N,N,N,N,N,F,,,,N,,,
city_road_015,"City Road Bridge, University of Sydney",2018-04-24,11:24-12:34,Raw data,15.999999999999304,1.5000000000000653,away,24,N,N,N,N,N,F,,,,N,,,
city_road_016,"City Road Bridge, University of Sydney",2018-04-24,11:24-12:34,Raw data,14.00000000000059,1.2857142857142316,towards,18,N,N,N,N,N,F,,,Y,N,N,,
city_road_017,"City Road Bridge, University of Sydney",2018-04-24,11:24-12:34,Raw data,15.999999999999304,1.1250000000000488,towards,18,N,N,N,N,Y,F,,,Y,N,N,,
city_road_018,"City Road Bridge, University of Sydney",2018-04-24,11:24-12:34,Raw data,17.00000000000106,1.411764705882265,away,24,N,N,N,N,N,M,,,,N,,,
city_road_019,"City Road Bridge, University of Sydney",2018-04-24,11:24-12:34,Raw data,11.00000000000012,1.6363636363636185,towards,18,N,N,N,N,N,M,,,Y,Y,N,,
city_road_020,"City Road Bridge, University of Sydney",2018-04-24,11:24-12:34,Raw data,17.00000000000106,1.411764705882265,away,24,N,Y,Y,N,Y,M,,,,N,,,
city_road_021,"City Road Bridge, University of Sydney",2018-04-24,11:24-12:34,Raw data,20.000000000001528,1.1999999999999083,away,24,N,Y,Y,N,Y,F,Y,,,N,,,
city_road_022,"City Road Bridge, University of Sydney",2018-04-24,11:24-12:34,Raw data,19.999999999958362,1.2000000000024982,away,24,N,N,N,N,N,M,,21,,N,,,
city_road_023,"City Road Bridge, University of Sydney",2018-04-24,11:24-12:34,Raw data,13.999999999995794,1.285714285714672,towards,18,N,N,N,N,N,F,,,Y,N,N,,
city_road_024,"City Road Bridge, University of Sydney",2018-04-24,11:24-12:34,Raw data,15.000000000002345,1.5999999999997498,away,24,N,N,N,N,N,M,,,,N,,,
city_road_025,"City Road Bridge, University of Sydney",2018-04-24,11:24-12:34,Raw data,18.999999999999773,1.2631578947368571,away,24,N,N,N,N,N,F,,,,N,,,
city_road_026,"City Road Bridge, University of Sydney",2018-04-24,11:24-12:34,Raw data,21.000000000003283,1.1428571428569643,away,24,N,Y,Y,N,Y,M,,,,N,,,
city_road_027,"City Road Bridge, University of Sydney",2018-04-24,11:24-12:34,Raw data,19.000000000009365,1.2631578947362194,away,24,N,N,N,N,N,M,,,,N,,,
city_road_028,"City Road Bridge, University of Sydney",2018-04-24,11:24-12:34,Raw data,18.999999999999773,1.2631578947368571,away,24,N,N,N,N,N,M,Y,,,N,,,
city_road_029,"City Road Bridge, University of Sydney",2018-04-24,11:24-12:34,Raw data,13.00000000000363,1.8461538461533304,away,24,N,N,N,N,N,M,,28,,N,,,
city_road_030,"City Road Bridge, University of Sydney",2018-04-24,11:24-12:34,Raw data,20.000000000001528,0.8999999999999313,towards,18,Y,N,N,N,N,M,,,Y,N,N,,
city_road_031,"City Road Bridge, University of Sydney",2018-04-24,11:24-12:34,Raw data,14.999999999997549,1.200000000000196,towards,18,Y,N,N,N,N,F,,,Y,N,N,,
city_road_032,"City Road Bridge, University of Sydney",2018-04-24,11:24-12:34,Raw data,14.00000000000059,1.714285714285642,away,24,N,N,N,N,N,M,,,,N,,,
city_road_033,"City Road Bridge, University of Sydney",2018-04-24,11:24-12:34,Raw data,23.000000000001997,1.0434782608694746,away,24,N,Y,Y,N,Y,F,,,,N,,,
city_road_034,"City Road Bridge, University of Sydney",2018-04-24,11:24-12:34,Raw data,15.999999999999304,1.1250000000000488,towards,18,N,N,N,N,N,F,,36,Y,Y,N,,
city_road_035,"City Road Bridge, University of Sydney",2018-04-24,11:24-12:34,Raw data,23.000000000001997,1.0434782608694746,away,24,N,Y,Y,N,Y,M,,,,N,,,
city_road_036,"City Road Bridge, University of Sydney",2018-04-24,11:24-12:34,Raw data,13.999999999995794,1.285714285714672,towards,18,N,Y,Y,N,Y,F,Y,,N,N,N,,
city_road_037,"City Road Bridge, University of Sydney",2018-04-24,11:24-12:34,Raw data,8.99999999999661,2.000000000000753,towards,18,N,N,N,n,N,M,,,Y,Y,Y,,
city_road_038,"City Road Bridge, University of Sydney",2018-04-24,11:24-12:34,Raw data,18.999999999999773,1.2631578947368571,away,24,Y,N,N,n,N,F,,,,N,,,
city_road_039,"City Road Bridge, University of Sydney",2018-04-24,11:24-12:34,Raw data,18.999999999999773,1.2631578947368571,away,24,Y,N,N,N,N,M,,,,N,,,
city_road_040,"City Road Bridge, University of Sydney",2018-04-24,11:24-12:34,Raw data,15.999999999994508,1.500000000000515,away,24,N,N,N,N,Y,M,,,,N,,,
city_road_041,"City Road Bridge, University of Sydney",2018-04-24,11:24-12:34,Raw data,15.999999999999304,1.5000000000000653,away,24,N,Y,Y,N,Y,F,,,,N,,,
city_road_042,"City Road Bridge, University of Sydney",2018-04-24,11:24-12:34,Raw data,15.999999999999304,1.1250000000000488,towards,18,N,N,N,N,N,M,,,Y,N,N,,
city_road_043,"City Road Bridge, University of Sydney",2018-04-24,11:24-12:34,Raw data,14.00000000000059,1.2857142857142316,towards,18,N,N,N,n,N,M,,,Y,N,N,,
city_road_044,"City Road Bridge, University of Sydney",2018-04-24,11:24-12:34,Raw data,17.000000000005855,1.4117647058818668,away,24,N,Y,Y,N,y,F,,,,N,,,
city_road_045,"City Road Bridge, University of Sydney",2018-04-24,11:24-12:34,Raw data,17.000000000005855,1.0588235294114001,towards,18,N,N,N,N,N,M,,,Y,Y,N,,
city_road_046,"City Road Bridge, University of Sydney",2018-04-24,11:24-12:34,Raw data,12.000000000001876,1.4999999999997655,towards,18,N,N,N,N,N,M,,,Y,Y,N,,
city_road_047,"City Road Bridge, University of Sydney",2018-04-24,11:24-12:34,Raw data,18.999999999999773,1.2631578947368571,away,24,N,Y,Y,N,Y,M,,,,N,,,
city_road_048,"City Road Bridge, University of Sydney",2018-04-24,11:24-12:34,Raw data,15.999999999994508,1.1250000000003861,towards,18,Y,N,N,N,N,F,,,Y,Y,Y,,
city_road_049,"City Road Bridge, University of Sydney",2018-04-24,11:24-12:34,Raw data,11.999999999992284,1.5000000000009646,towards,18,Y,N,N,N,N,M,,,Y,Y,Y,,
city_road_050,"City Road Bridge, University of Sydney",2018-04-24,11:24-12:34,Raw data,38.999999999996504,0.6153846153846706,away,24,N,N,N,N,N,F,Y,,,N,,,
city_road_051,"City Road Bridge, University of Sydney",2018-04-24,11:24-12:34,Raw data,15.000000000002345,1.5999999999997498,away,24,N,N,N,N,N,F,,50,,N,,,
city_road_052,"City Road Bridge, University of Sydney",2018-04-24,11:24-12:34,Raw data,10.999999999995325,1.636363636364332,towards,18,N,N,N,N,N,M,,,Y,Y,Y,,
city_road_053,"City Road Bridge, University of Sydney",2018-04-24,11:24-12:34,Raw data,17.00000000000106,1.411764705882265,away,24,N,Y,Y,N,Y,F,,,,N,,,
city_road_054,"City Road Bridge, University of Sydney",2018-04-24,11:24-12:34,Raw data,29.999999999999893,0.8000000000000028,away,24,Y,Y,Y,N,Y,F,,,,N,,,
city_road_055,"City Road Bridge, University of Sydney",2018-04-24,11:24-12:34,Raw data,29.999999999999893,0.8000000000000028,away,24,Y,N,N,N,N,F,,,,N,,,
city_road_056,"City Road Bridge, University of Sydney",2018-04-24,11:24-12:34,Raw data,15.999999999999304,1.1250000000000488,towards,18,Y,N,N,N,Y,F,,58,Y,N,N,,
city_road_057,"City Road Bridge, University of Sydney",2018-04-24,11:24-12:34,Raw data,15.999999999999304,1.1250000000000488,towards,18,Y,N,N,N,N,M,,58,Y,N,N,,
city_road_058,"City Road Bridge, University of Sydney",2018-04-24,11:24-12:34,Raw data,13.999999999995794,1.285714285714672,towards,18,N,N,N,N,Y,F,Y,,Y,N,N,,
city_road_059,"City Road Bridge, University of Sydney",2018-04-24,11:24-12:34,Raw data,21.000000000003283,1.1428571428569643,away,24,N,Y,Y,N,Y,M,,,,N,,,
city_road_060,"City Road Bridge, University of Sydney",2018-04-24,11:24-12:34,Raw data,26.999999999999424,0.8888888888889078,away,24,N,Y,Y,N,Y,M,Y,,,N,,,
city_road_061,"City Road Bridge, University of Sydney",2018-04-24,11:24-12:34,Raw data,17.00000000000106,1.0588235294116988,towards,18,N,N,N,N,Y,F,,,Y,Y,N,,
city_road_062,"City Road Bridge, University of Sydney",2018-04-24,11:24-12:34,Raw data,20.999999999998487,1.1428571428572252,away,24,N,N,N,N,N,M,,60,,N,,,
city_road_063,"City Road Bridge, University of Sydney",2018-04-24,11:24-12:34,Raw data,15.999999999994508,1.500000000000515,away,24,N,N,N,N,N,F,,,,N,,,
city_road_064,"City Road Bridge, University of Sydney",2018-04-24,11:24-12:34,Raw data,12.000000000001876,1.4999999999997655,towards,18,N,N,N,N,N,M,,,Y,Y,Y,,
city_road_065,"City Road Bridge, University of Sydney",2018-04-24,11:24-12:34,Raw data,12.000000000001876,1.4999999999997655,towards,18,N,N,N,N,N,M,,,Y,N,N,,
city_road_066,"City Road Bridge, University of Sydney",2018-04-24,11:24-12:34,Raw data,23.999999999998956,1.0000000000000435,away,24,N,N,N,N,Y,F,,,,N,,,
city_road_067,"City Road Bridge, University of Sydney",2018-04-24,11:24-12:34,Raw data,27.00000000000422,0.88888888888875,away,24,Y,N,N,N,N,M,,,,N,,,
city_road_068,"City Road Bridge, University of Sydney",2018-04-24,11:24-12:34,Raw data,27.00000000000422,0.88888888888875,away,24,Y,N,N,N,N,M,,,,N,,,
city_road_069,"City Road Bridge, University of Sydney",2018-04-24,11:24-12:34,Raw data,14.00000000000059,1.2857142857142316,towards,18,N,N,N,N,N,M,,70 71,Y,N,N,,
city_road_070,"City Road Bridge, University of Sydney",2018-04-24,11:24-12:34,Raw data,15.999999999999304,1.1250000000000488,towards,18,N,N,N,N,Y,F,Y,71,Y,N,N,,
city_road_071,"City Road Bridge, University of Sydney",2018-04-24,11:24-12:34,Raw data,15.999999999994508,1.1250000000003861,towards,18,N,Y,Y,N,Y,M,Y,,N,N,N,,
city_road_072,"City Road Bridge, University of Sydney",2018-04-24,11:24-12:34,Raw data,17.99999999999322,1.3333333333338355,away,24,N,N,N,N,N,F,,,,N,,,
city_road_073,"City Road Bridge, University of Sydney",2018-04-24,11:24-12:34,Raw data,20.000000000001528,1.1999999999999083,away,24,N,N,N,N,N,M,,,,N,,,
city_road_074,"City Road Bridge, University of Sydney",2018-04-24,11:24-12:34,Raw data,21.999999999995445,1.0909090909093166,away,24,N,N,N,N,N,M,Y,,,N,,,
city_road_075,"City Road Bridge, University of Sydney",2018-04-24,11:24-12:34,Raw data,17.99999999999322,1.3333333333338355,away,24,N,N,N,N,N,M,,74,,N,,,
city_road_076,"City Road Bridge, University of Sydney",2018-04-24,11:24-12:34,Raw data,17.999999999998018,1.3333333333334803,away,24,N,N,N,N,N,M,Y,,,N,,,
city_road_077,"City Road Bridge, University of Sydney",2018-04-24,11:24-12:34,Raw data,23.999999999998956,1.0000000000000435,away,24,N,Y,Y,N,Y,F,Y,,,N,,,
city_road_078,"City Road Bridge, University of Sydney",2018-04-24,11:24-12:34,Raw data,17.999999999998018,1.3333333333334803,away,24,N,N,N,N,N,M,Y,,,N,,,
city_road_079,"City Road Bridge, University of Sydney",2018-04-24,11:24-12:34,Raw data,13.999999999995794,1.7142857142862293,away,24,N,N,N,N,N,F,,76 77 78 79,,N,,,
city_road_080,"City Road Bridge, University of Sydney",2018-04-24,11:24-12:34,Raw data,17.00000000000106,1.411764705882265,away,24,N,N,N,N,N,M,Y,77 78,,N,,,
city_road_081,"City Road Bridge, University of Sydney",2018-04-24,11:24-12:34,Raw data,14.00000000000059,1.2857142857142316,towards,18,N,N,N,N,Y,M,,,Y,N,N,,
city_road_082,"City Road Bridge, University of Sydney",2018-04-24,11:24-12:34,Raw data,25.00000000000071,0.9599999999999728,away,24,N,Y,Y,N,Y,M,,,,N,,,
city_road_083,"City Road Bridge, University of Sydney",2018-04-24,11:24-12:34,Raw data,23.000000000001997,1.0434782608694746,away,24,N,N,N,N,N,F,,,,N,,,
city_road_084,"City Road Bridge, University of Sydney",2018-04-24,11:24-12:34,Raw data,10.999999999995325,1.636363636364332,towards,18,N,N,N,N,N,F,,,Y,Y,N,,
city_road_085,"City Road Bridge, University of Sydney",2018-04-24,11:24-12:34,Raw data,18.999999999999773,1.2631578947368571,away,24,N,Y,Y,N,Y,M,,,,N,,,
city_road_086,"City Road Bridge, University of Sydney",2018-04-24,11:24-12:34,Raw data,17.000000000005855,1.4117647058818668,away,24,N,N,N,N,Y,M,Y,,,N,,,
city_road_087,"City Road Bridge, University of Sydney",2018-04-24,11:24-12:34,Raw data,12.000000000001876,1.9999999999996874,away,24,N,N,N,N,N,F,,86,,N,,,
city_road_088,"City Road Bridge, University of Sydney",2018-04-24,11:24-12:34,Raw data,14.000000000005386,1.7142857142850547,away,24,N,Y,N,Y,Y,F,,,,N,,,
city_road_089,"City Road Bridge, University of Sydney",2018-04-24,11:24-12:34,Raw data,23.000000000001997,1.0434782608694746,away,24,N,N,N,N,N,M,,,,N,,,
city_road_090,"City Road Bridge, University of Sydney",2018-04-24,11:24-12:34,Raw data,18.999999999999773,0.947368421052643,towards,18,N,N,N,N,N,F,Y,,Y,N,N,,
city_road_091,"City Road Bridge, University of Sydney",2018-04-24,11:24-12:34,Raw data,22.000000000005038,1.090909090908841,away,24,N,N,N,N,N,M,,,,N,,,
city_road_092,"City Road Bridge, University of Sydney",2018-04-24,11:24-12:34,Raw data,10.999999999995325,1.636363636364332,towards,18,N,N,N,N,Y,M,,90 94 95 96,Y,N,N,,
city_road_093,"City Road Bridge, University of Sydney",2018-04-24,11:24-12:34,Raw data,20.999999999998487,1.1428571428572252,away,24,N,N,N,N,N,M,,,,N,,,
city_road_094,"City Road Bridge, University of Sydney",2018-04-24,11:24-12:34,Raw data,18.000000000002814,0.9999999999998437,towards,18,Y,N,N,N,N,F,Y,,Y,N,N,,
city_road_095,"City Road Bridge, University of Sydney",2018-04-24,11:24-12:34,Raw data,18.000000000002814,0.9999999999998437,towards,18,Y,N,N,N,N,F,Y,,Y,Y,N,,
city_road_096,"City Road Bridge, University of Sydney",2018-04-24,11:24-12:34,Raw data,18.000000000002814,0.9999999999998437,towards,18,Y,N,N,N,N,F,Y,,Y,N,N,,
city_road_097,"City Road Bridge, University of Sydney",2018-04-24,11:24-12:34,Raw data,21.999999999995445,1.0909090909093166,away,24,N,N,N,N,Y,M,,,,N,,,
city_road_098,"City Road Bridge, University of Sydney",2018-04-24,11:24-12:34,Raw data,29.999999999995097,0.8000000000001307,away,24,N,Y,Y,N,Y,M,,,,N,,,
city_road_099,"City Road Bridge, University of Sydney",2018-04-24,11:24-12:34,Raw data,18.999999999999773,1.2631578947368571,away,24,N,N,N,N,N,M,,,,N,,,
city_road_100,"City Road Bridge, University of Sydney",2018-04-24,11:24-12:34,Raw data,18.999999999999773,0.947368421052643,towards,18,Y,N,N,N,N,F,,,Y,N,N,,
city_road_101,"City Road Bridge, University of Sydney",2018-04-24,11:24-12:34,Raw data,12.999999999998835,1.3846153846155087,towards,18,Y,N,N,N,N,F,,,Y,N,N,,
city_road_102,"City Road Bridge, University of Sydney",2018-04-24,11:24-12:34,Raw data,15.999999999994508,1.1250000000003861,towards,18,N,Y,Y,N,Y,F,,,N,N,N,,
city_road_103,"City Road Bridge, University of Sydney",2018-04-24,11:24-12:34,Raw data,28.000000000005976,0.8571428571426742,away,24,N,Y,N,Y,Y,M,,,,N,,,
city_road_104,"City Road Bridge, University of Sydney",2018-04-24,11:24-12:34,Raw data,31.999999999998607,0.7500000000000326,away,24,Y,N,N,N,N,M,,,,N,,,
city_road_105,"City Road Bridge, University of Sydney",2018-04-24,11:24-12:34,Raw data,31.999999999998607,0.7500000000000326,away,24,Y,N,N,N,N,M,,,,N,,,
city_road_106,"City Road Bridge, University of Sydney",2018-04-24,11:24-12:34,Raw data,23.99999999999416,1.0000000000002434,away,24,Y,N,N,N,N,F,,,,N,,,
city_road_107,"City Road Bridge, University of Sydney",2018-04-24,11:24-12:34,Raw data,17.00000000000106,1.411764705882265,away,24,N,N,N,N,N,M,,,,N,,,
city_road_108,"City Road Bridge, University of Sydney",2018-04-24,11:24-12:34,Raw data,20.999999999998487,1.1428571428572252,away,24,N,N,N,N,N,M,,,,N,,,
city_road_109,"City Road Bridge, University of Sydney",2018-04-24,11:24-12:34,Raw data,20.000000000001528,1.1999999999999083,away,24,Y,N,N,N,Y,F,Y,,,N,,,
city_road_110,"City Road Bridge, University of Sydney",2018-04-24,11:24-12:34,Raw data,23.000000000001997,1.0434782608694746,away,24,Y,N,N,N,N,F,Y,,,N,,,
city_road_111,"City Road Bridge, University of Sydney",2018-04-24,11:24-12:34,Raw data,21.000000000003283,1.1428571428569643,away,24,N,N,N,N,N,F,,109 and 110,,N,,,
city_road_112,"City Road Bridge, University of Sydney",2018-04-24,11:24-12:34,Raw data,19.99999999999673,1.200000000000196,away,24,Y,N,N,N,N,F,,,,N,,,
city_road_113,"City Road Bridge, University of Sydney",2018-04-24,11:24-12:34,Raw data,20.999999999998487,1.1428571428572252,away,24,Y,N,N,N,N,F,,,,N,,,
city_road_114,"City Road Bridge, University of Sydney",2018-04-24,11:24-12:34,Raw data,26.00000000000726,0.692307692307499,towards,18,Y,N,N,N,N,M,,,Y,N,N,,
city_road_115,"City Road Bridge, University of Sydney",2018-04-24,11:24-12:34,Raw data,17.999999999998018,1.0000000000001101,towards,18,Y,N,N,N,N,M,,,Y,N,N,,
city_road_116,"City Road Bridge, University of Sydney",2018-04-24,11:24-12:34,Raw data,16.0000000000041,1.1249999999997118,towards,18,Y,N,N,N,N,M,,,Y,N,N,,
city_road_117,"City Road Bridge, University of Sydney",2018-04-24,11:24-12:34,Raw data,36.00000000000083,0.6666666666666513,away,24,Y,N,N,N,N,F,Y,,,N,,,
city_road_118,"City Road Bridge, University of Sydney",2018-04-24,11:24-12:34,Raw data,36.00000000000083,0.6666666666666513,away,24,Y,N,N,N,N,F,Y,,,N,,,
city_road_119,"City Road Bridge, University of Sydney",2018-04-24,11:24-12:34,Raw data,36.00000000000083,0.6666666666666513,away,24,Y,N,N,N,N,F,Y,,,N,,,
city_road_120,"City Road Bridge, University of Sydney",2018-04-24,11:24-12:34,Raw data,17.00000000000106,1.411764705882265,away,24,N,N,N,N,N,M,,117 118 119,,N,,,
city_road_121,"City Road Bridge, University of Sydney",2018-04-24,11:24-12:34,Raw data,12.999999999998835,1.3846153846155087,towards,18,N,Y,Y,N,Y,F,,,N,N,N,,
city_road_122,"City Road Bridge, University of Sydney",2018-04-24,11:24-12:34,Raw data,15.000000000007141,1.5999999999992383,away,24,N,N,N,N,N,M,Y,,,N,,,
city_road_123,"City Road Bridge, University of Sydney",2018-04-24,11:24-12:34,Raw data,14.999999999997549,1.6000000000002614,away,24,N,N,N,N,N,M,,117 118 119 122,,N,,,
city_road_124,"City Road Bridge, University of Sydney",2018-04-24,11:24-12:34,Raw data,24.00000000000375,0.9999999999998437,away,24,Y,N,N,N,N,F,Y,,,N,,,
city_road_125,"City Road Bridge, University of Sydney",2018-04-24,11:24-12:34,Raw data,27.999999999996383,0.8571428571429679,away,24,Y,N,N,N,Y,F,Y,,,N,,,
city_road_126,"City Road Bridge, University of Sydney",2018-04-24,11:24-12:34,Raw data,20.000000000006324,1.1999999999996205,away,24,N,N,N,N,N,M,Y,,,N,,,
city_road_127,"City Road Bridge, University of Sydney",2018-04-24,11:24-12:34,Raw data,23.99999999999416,1.0000000000002434,away,24,N,N,N,N,Y,F,,1324 125 126,,N,,,
city_road_128,"City Road Bridge, University of Sydney",2018-04-24,11:24-12:34,Raw data,21.999999999995445,1.0909090909093166,away,24,N,N,N,N,Y,M,,,,N,,,
city_road_129,"City Road Bridge, University of Sydney",2018-04-24,11:24-12:34,Raw data,17.99999999999322,1.3333333333338355,away,24,N,N,N,N,N,M,,,,N,,,
city_road_130,"City Road Bridge, University of Sydney",2018-04-24,11:24-12:34,Raw data,21.000000000003283,1.1428571428569643,away,24,N,N,N,N,N,M,,,,N,,,
city_road_131,"City Road Bridge, University of Sydney",2018-04-24,11:24-12:34,Raw data,18.999999999999773,1.2631578947368571,away,24,N,N,N,N,N,F,,,,N,,,
city_road_132,"City Road Bridge, University of Sydney",2018-04-24,11:24-12:34,Raw data,23.99999999999416,1.0000000000002434,away,24,Y,N,N,N,N,M,Y,,,N,,,
city_road_133,"City Road Bridge, University of Sydney",2018-04-24,11:24-12:34,Raw data,23.99999999999416,1.0000000000002434,away,24,Y,N,N,N,Y,F,Y,,,N,,,
city_road_134,"City Road Bridge, University of Sydney",2018-04-24,11:24-12:34,Raw data,14.00000000000059,1.714285714285642,away,24,N,N,N,N,N,M,,132 and 133,,N,,,
city_road_135,"City Road Bridge, University of Sydney",2018-04-24,11:24-12:34,Raw data,11.000000000004917,1.6363636363629048,towards,18,N,N,N,N,Y,F,,,Y,N,N,,
city_road_136,"City Road Bridge, University of Sydney",2018-04-24,11:24-12:34,Raw data,20.999999999998487,1.1428571428572252,away,24,N,N,N,N,Y,F,,,,N,,,
city_road_137,"City Road Bridge, University of Sydney",2018-04-24,11:24-12:34,Raw data,20.000000000001528,1.1999999999999083,away,24,N,N,N,N,Y,M,,,,N,,,
city_road_138,"City Road Bridge, University of Sydney",2018-04-24,11:24-12:34,Raw data,12.999999999998835,1.3846153846155087,towards,18,N,N,N,N,N,M,,,Y,Y,N,,
city_road_139,"City Road Bridge, University of Sydney",2018-04-24,11:24-12:34,Raw data,23.000000000001997,1.0434782608694746,away,24,N,N,N,N,N,F,,,,N,,,
city_road_140,"City Road Bridge, University of Sydney",2018-04-24,11:24-12:34,Raw data,142.0000000000046,0.16901408450703678,away,24,Y,Y,N,Y,Y,M,,,,N,,,
city_road_141,"City Road Bridge, University of Sydney",2018-04-24,11:24-12:34,Raw data,142.0000000000046,0.16901408450703678,away,24,Y,N,N,N,N,M,,,,N,,,
city_road_142,"City Road Bridge, University of Sydney",2018-04-24,11:24-12:34,Raw data,142.0000000000046,0.16901408450703678,away,24,Y,N,N,N,N,F,,,,N,,,
city_road_143,"City Road Bridge, University of Sydney",2018-04-24,11:24-12:34,Raw data,23.000000000001997,1.0434782608694746,away,24,N,N,N,N,N,F,,,,N,,,
city_road_144,"City Road Bridge, University of Sydney",2018-04-24,11:24-12:34,Raw data,15.000000000007141,1.5999999999992383,away,24,N,Y,Y,N,Y,M,,,,N,,,
city_road_145,"City Road Bridge, University of Sydney",2018-04-24,11:24-12:34,Raw data,20.000000000006324,0.8999999999997155,towards,18,Y,N,N,N,N,M,Y,,Y,N,N,,
city_road_146,"City Road Bridge, University of Sydney",2018-04-24,11:24-12:34,Raw data,20.999999999998487,1.1428571428572252,away,24,N,N,N,N,Y,F,,,,N,,,
city_road_147,"City Road Bridge, University of Sydney",2018-04-24,11:24-12:34,Raw data,12.999999999998835,1.3846153846155087,towards,18,Y,N,N,N,N,F,,,Y,N,N,,
city_road_148,"City Road Bridge, University of Sydney",2018-04-24,11:24-12:34,Raw data,252.00000000000102,0.07142857142857113,towards,18,Y,N,N,N,Y,F,,,Y,Y,N,,
city_road_149,"City Road Bridge, University of Sydney",2018-04-24,11:24-12:34,Raw data,15.000000000002345,1.1999999999998123,towards,18,Y,N,N,N,N,F,Y,,Y,N,N,,
city_road_150,"City Road Bridge, University of Sydney",2018-04-24,11:24-12:34,Raw data,11.00000000000012,1.6363636363636185,towards,18,N,N,N,N,N,M,,146 and 150,Y,Y,N,,
city_road_151,"City Road Bridge, University of Sydney",2018-04-24,11:24-12:34,Raw data,12.999999999998835,1.3846153846155087,towards,18,Y,Y,Y,N,Y,F,,,N,Y,Y,,
city_road_152,"City Road Bridge, University of Sydney",2018-04-24,11:24-12:34,Raw data,12.999999999998835,1.3846153846155087,towards,18,Y,N,N,N,N,F,,,Y,Y,N,,
city_road_153,"City Road Bridge, University of Sydney",2018-04-24,11:24-12:34,Raw data,21.000000000003283,1.1428571428569643,away,24,N,N,N,N,N,F,,,,N,,,
city_road_154,"City Road Bridge, University of Sydney",2018-04-24,11:24-12:34,Raw data,11.000000000004917,1.6363636363629048,towards,18,N,N,N,N,N,F,,,Y,N,Y,,
city_road_155,"City Road Bridge, University of Sydney",2018-04-24,11:24-12:34,Raw data,20.000000000006324,0.8999999999997155,towards,18,Y,N,N,N,N,F,,,Y,Y,Y,,
city_road_156,"City Road Bridge, University of Sydney",2018-04-24,11:24-12:34,Raw data,20.999999999998487,0.8571428571429189,towards,18,N,N,N,N,N,M,,,Y,N,N,,
city_road_157,"City Road Bridge, University of Sydney",2018-04-24,11:24-12:34,Raw data,16.0000000000041,1.1249999999997118,towards,18,Y,N,N,N,N,F,,,Y,Y,N,,
city_road_158,"City Road Bridge, University of Sydney",2018-04-24,11:24-12:34,Raw data,23.000000000001997,1.0434782608694746,away,24,N,Y,Y,N,Y,F,,,,N,,,
city_road_159,"City Road Bridge, University of Sydney",2018-04-24,11:24-12:34,Raw data,22.000000000005038,1.090909090908841,away,24,N,N,N,N,Y,M,,,,N,,,
city_road_160,"City Road Bridge, University of Sydney",2018-04-24,11:24-12:34,Raw data,18.999999999999773,1.2631578947368571,away,24,N,Y,Y,N,Y,M,,,,N,,,
city_road_161,"City Road Bridge, University of Sydney",2018-04-24,11:24-12:34,Raw data,12.000000000001876,1.4999999999997655,towards,18,N,Y,Y,N,Y,M,,,N,N,N,,
city_road_162,"City Road Bridge, University of Sydney",2018-04-24,11:24-12:34,Raw data,17.999999999998018,1.3333333333334803,away,24,N,N,N,N,Y,M,,,,N,,,
city_road_163,"City Road Bridge, University of Sydney",2018-04-24,11:24-12:34,Raw data,17.999999999998018,1.3333333333334803,away,24,Y,N,N,N,N,F,,,,N,,,
city_road_164,"City Road Bridge, University of Sydney",2018-04-24,11:24-12:34,Raw data,18.999999999999773,1.2631578947368571,away,24,Y,N,N,N,N,F,,,,N,,,
city_road_165,"City Road Bridge, University of Sydney",2018-04-24,11:24-12:34,Raw data,22.000000000005038,0.8181818181816308,towards,18,N,N,N,N,N,M,,168 and 170,Y,N,N,,
city_road_166,"City Road Bridge, University of Sydney",2018-04-24,11:24-12:34,Raw data,18.000000000002814,0.9999999999998437,towards,18,N,Y,Y,N,Y,F,,168 and 170,N,N,N,,
city_road_167,"City Road Bridge, University of Sydney",2018-04-24,11:24-12:34,Raw data,22.00000000000024,0.8181818181818092,towards,18,Y,N,N,N,N,F,Y,,Y,N,N,,
city_road_168,"City Road Bridge, University of Sydney",2018-04-24,11:24-12:34,Raw data,17.000000000005855,1.4117647058818668,away,24,N,N,N,N,N,M,,,,N,,,
city_road_169,"City Road Bridge, University of Sydney",2018-04-24,11:24-12:34,Raw data,15.000000000002345,1.1999999999998123,towards,18,Y,N,N,N,N,M,Y,,Y,N,N,,
city_road_170,"City Road Bridge, University of Sydney",2018-04-24,11:24-12:34,Raw data,19.99999999999673,1.200000000000196,away,24,N,N,N,N,N,F,,,,N,,,
city_road_171,"City Road Bridge, University of Sydney",2018-04-24,11:24-12:34,Raw data,18.999999999999773,1.2631578947368571,away,24,N,N,N,N,N,F,,,,N,,,
city_road_172,"City Road Bridge, University of Sydney",2018-04-24,11:24-12:34,Raw data,9.99999999999357,1.8000000000011576,towards,18,N,N,N,N,N,M,,,Y,Y,N,,
city_road_173,"City Road Bridge, University of Sydney",2018-04-24,11:24-12:34,Raw data,17.999999999998018,1.3333333333334803,away,24,N,N,N,N,N,M,,,,N,,,
city_road_174,"City Road Bridge, University of Sydney",2018-04-24,11:24-12:34,Raw data,14.000000000005386,1.285714285713791,towards,18,N,N,N,N,N,F,,,Y,N,N,,
city_road_175,"City Road Bridge, University of Sydney",2018-04-24,11:24-12:34,Raw data,20.000000000001528,0.8999999999999313,towards,18,Y,N,N,N,Y,F,,,Y,Y,Y,,
city_road_176,"City Road Bridge, University of Sydney",2018-04-24,11:24-12:34,Raw data,18.999999999999773,0.947368421052643,towards,18,Y,N,N,N,N,M,,,Y,N,N,,
city_road_177,"City Road Bridge, University of Sydney",2018-04-24,11:24-12:34,Raw data,22.000000000005038,1.090909090908841,away,24,N,N,N,N,N,F,,,,N,,,
city_road_178,"City Road Bridge, University of Sydney",2018-04-24,11:24-12:34,Raw data,15.000000000002345,1.1999999999998123,towards,18,N,N,N,N,Y,M,,,Y,Y,Y,,
city_road_179,"City Road Bridge, University of Sydney",2018-04-24,11:24-12:34,Raw data,17.00000000000106,1.411764705882265,away,24,N,N,N,N,N,F,,,,N,,,
city_road_180,"City Road Bridge, University of Sydney",2018-04-24,11:24-12:34,Raw data,16.999999999996263,1.4117647058826632,away,24,N,N,N,N,N,F,,,,N,,,
